Player,Position,Team,Age,Year of Birth,Matches Played,Starts,Minutes Played,90 Minutes Played,Goals,Assists,Non-Penalty Goals,Penalties Converted,Penalties Taken,Yellow Cards,Red Cards,Goals per 90 Minutes,Assists per 90 Minutes,Goals and Assists per 90 Minutes,Goals excluding Penalties per 90 Minutes,Goals and Assists excluding Penalties per 90 Minutes,Expected xG,Expected Non-Penalty xG,Expected xAG,Expected Non-Penalty xG and xAG,xG,xAG,xG and xAG,Non-Penalty xG,Non-Penalty xG and xAG
Brenden Aaronson,MF,USA,21,2000,4,0,108,1.2,0,0,0,0,0,0,0,0,0,0,0,0,0.1,0.1,0.2,0.3,0.06,0.18,0.24,0.06,0.24
Ali Abdi,DF,Tunisia,28,1993,3,2,188,2.1,0,0,0,0,0,1,0,0,0,0,0,0,0,0,0,0,0,0.02,0.02,0,0.02
Salis Abdul Samed,MF,Ghana,22,2000,3,3,250,2.8,0,0,0,0,0,0,0,0,0,0,0,0,0,0,0,0.1,0.01,0.01,0.02,0.01,0.02
Saud Abdulhamid,"DF,MF",Saudi Arabia,22,1999,3,3,270,3,0,0,0,0,0,1,0,0,0,0,0,0,0,0,0,0.1,0.01,0.02,0.02,0.01,0.02
Nawaf Al Abed,MF,Saudi Arabia,32,1990,2,0,88,1,0,0,0,0,0,1,0,0,0,0,0,0,0.1,0.1,0.1,0.2,0.13,0.06,0.2,0.13,0.2
Pape Abou Cissé,DF,Senegal,26,1995,3,1,105,1.2,0,0,0,0,0,0,0,0,0,0,0,0,0,0,0,0,0,0,0,0,0
Vincent Aboubakar,FW,Cameroon,30,1992,3,1,142,1.6,2,1,2,0,0,2,1,1.27,0.63,1.9,1.27,1.9,0.6,0.6,0.6,1.2,0.37,0.39,0.76,0.37,0.76
Abdulrahman Al-Aboud,"MF,DF",Saudi Arabia,27,1995,2,0,35,0.4,0,0,0,0,0,0,0,0,0,0,0,0,0.1,0.1,0,0.1,0.18,0.06,0.24,0.18,0.24
Zakaria Aboukhlal,"FW,MF",Morocco,22,2000,4,0,79,0.9,1,0,1,0,0,0,0,1.14,0,1.14,1.14,1.14,1,1,0,1,1.16,0,1.16,1.16,1.16
Kellyn Acosta,MF,USA,26,1995,2,0,43,0.5,0,0,0,0,0,1,0,0,0,0,0,0,0,0,0,0,0,0,0,0,0
Marcos Acuña,"DF,FW",Argentina,30,1991,6,4,373,4.1,0,0,0,0,0,3,0,0,0,0,0,0,0.1,0.1,0.3,0.4,0.02,0.07,0.1,0.02,0.1
Tyler Adams,MF,USA,23,1999,4,4,360,4,0,0,0,0,0,1,0,0,0,0,0,0,0,0,0.4,0.5,0.01,0.11,0.12,0.01,0.12
Sam Adekugbe,DF,Canada,27,1995,3,1,95,1.1,0,0,0,0,0,1,0,0,0,0,0,0,0,0,0.1,0.1,0,0.09,0.09,0,0.09
Michel Aebischer,"MF,FW",Switzerland,25,1997,1,0,16,0.2,0,0,0,0,0,0,0,0,0,0,0,0,0,0,0,0,0,0,0,0,0
Akram Afif,FW,Qatar,25,1996,3,3,270,3,0,0,0,0,0,1,0,0,0,0,0,0,0,0,0.3,0.3,0.02,0.1,0.12,0.02,0.12
Nayef Aguerd,DF,Morocco,26,1996,4,4,353,3.9,0,0,0,0,0,0,0,0,0,0,0,0,0.2,0.2,0,0.2,0.04,0.01,0.05,0.04,0.05
Brandon Aguilera,MF,Costa Rica,18,2003,3,1,90,1,0,0,0,0,0,0,0,0,0,0,0,0,0,0,0,0,0,0,0,0,0
Homam Ahmed,DF,Qatar,22,1999,3,3,262,2.9,0,0,0,0,0,1,0,0,0,0,0,0,0,0,0,0,0,0.01,0.01,0,0.01
Manuel Akanji,DF,Switzerland,26,1995,4,4,360,4,1,0,1,0,0,1,0,0.25,0,0.25,0.25,0.25,1.1,1.1,0.1,1.2,0.28,0.03,0.3,0.28,0.3
Nathan Aké,DF,Netherlands,27,1995,5,5,479,5.3,0,0,0,0,0,1,0,0,0,0,0,0,0,0,0,0,0,0,0,0,0
Ahmed Alaaeldin,FW,Qatar,29,1993,1,0,6,0.1,0,0,0,0,0,0,0,0,0,0,0,0,0,0,0,0,0,0,0,0,0
Jordi Alba,DF,Spain,33,1989,4,3,264,2.9,0,2,0,0,0,0,0,0,0.68,0.68,0,0.68,0,0,0.9,0.9,0.01,0.31,0.32,0.01,0.32
Toby Alderweireld,DF,Belgium,33,1989,3,3,270,3,0,1,0,0,0,0,0,0,0.33,0.33,0,0.33,0,0,0.3,0.3,0,0.11,0.11,0,0.11
Trent Alexander-Arnold,DF,England,23,1998,1,0,34,0.4,0,0,0,0,0,0,0,0,0,0,0,0,0,0,0,0,0,0,0,0,0
Almoez Ali,FW,Qatar,25,1996,3,3,224,2.5,0,0,0,0,0,1,0,0,0,0,0,0,0.4,0.4,0,0.4,0.15,0,0.15,0.15,0.15
Alisson,GK,Brazil,29,1992,4,4,379,4.2,0,0,0,0,0,0,0,0,0,0,0,0,0,0,0,0,0,0,0,0,0
Joe Allen,MF,Wales,32,1990,2,1,94,1,0,0,0,0,0,0,0,0,0,0,0,0,0.1,0.1,0.1,0.2,0.1,0.05,0.15,0.1,0.15
Thiago Almada,MF,Argentina,21,2001,1,0,7,0.1,0,0,0,0,0,0,0,0,0,0,0,0,0,0,0.2,0.2,0,3.16,3.16,0,3.16
Roberto Alvarado,FW,Mexico,23,1998,1,0,18,0.2,0,0,0,0,0,1,0,0,0,0,0,0,0,0,0,0,0,0,0,0,0
Edson Álvarez,MF,Mexico,24,1997,2,2,175,1.9,0,0,0,0,0,1,0,0,0,0,0,0,0,0,0.2,0.2,0.01,0.11,0.12,0.01,0.12
Julián Álvarez,FW,Argentina,22,2000,7,5,464,5.2,4,0,4,0,0,0,0,0.78,0,0.78,0.78,0.78,2.6,2.6,0.1,2.7,0.51,0.02,0.53,0.51,0.53
Kevin Álvarez,DF,Mexico,23,1999,2,1,70,0.8,0,0,0,0,0,0,0,0,0,0,0,0,0,0,0,0,0,0,0,0,0
Dani Alves,DF,Brazil,39,1983,2,1,118,1.3,0,0,0,0,0,0,0,0,0,0,0,0,0.2,0.2,0,0.2,0.14,0,0.14,0.14,0.14
Selim Amallah,MF,Morocco,25,1996,7,4,409,4.5,0,0,0,0,0,1,0,0,0,0,0,0,0.2,0.2,0.1,0.3,0.05,0.02,0.07,0.05,0.07
Daniel Amartey,DF,Ghana,27,1994,3,3,251,2.8,0,0,0,0,0,2,0,0,0,0,0,0,0.2,0.2,0.1,0.3,0.08,0.03,0.1,0.08,0.1
Ethan Ampadu,"MF,DF",Wales,21,2000,3,3,255,2.8,0,0,0,0,0,0,0,0,0,0,0,0,0,0,0.1,0.2,0.01,0.04,0.05,0.01,0.05
Sofyan Amrabat,MF,Morocco,25,1996,7,7,660,7.3,0,0,0,0,0,1,0,0,0,0,0,0,0,0,0.1,0.1,0,0.01,0.01,0,0.01
Abdulelah Al-Amri,DF,Saudi Arabia,25,1997,3,2,182,2,0,0,0,0,0,2,0,0,0,0,0,0,0.1,0.1,0,0.1,0.03,0,0.03,0.03,0.03
Joachim Andersen,DF,Denmark,26,1996,3,3,270,3,0,1,0,0,0,0,0,0,0.33,0.33,0,0.33,0.1,0.1,0.2,0.3,0.03,0.08,0.11,0.03,0.11
Karim Ansarifard,"FW,MF",Iran,32,1990,2,0,35,0.4,0,0,0,0,0,0,0,0,0,0,0,0,0.1,0.1,0.1,0.1,0.17,0.2,0.36,0.17,0.36
Antony,FW,Brazil,22,2000,4,1,172,1.9,0,0,0,0,0,0,0,0,0,0,0,0,0.2,0.2,0.1,0.4,0.15,0.08,0.22,0.15,0.22
Uriel Antuna,"FW,MF",Mexico,24,1997,3,0,77,0.9,0,0,0,0,0,0,0,0,0,0,0,0,0.2,0.2,0,0.2,0.18,0.02,0.2,0.18,0.2
Néstor Araujo,DF,Mexico,30,1991,1,1,90,1,0,0,0,0,0,1,0,0,0,0,0,0,0,0,0,0,0,0,0,0,0
Takuma Asano,FW,Japan,27,1994,4,0,165,1.8,1,0,1,0,0,0,0,0.55,0,0.55,0.55,0.55,0.7,0.7,0.2,0.9,0.44,0.17,0.6,0.44,0.6
Marco Asensio,FW,Spain,26,1996,4,3,229,2.5,1,0,1,0,0,0,0,0.39,0,0.39,0.39,0.39,1.2,1.2,0.1,1.3,0.48,0.02,0.5,0.48,0.5
Ali Assadalla,MF,Qatar,29,1993,1,0,27,0.3,0,0,0,0,0,0,0,0,0,0,0,0,0,0,0,0,0,0,0,0,0
Lawrence Ati-Zigi,GK,Ghana,25,1996,3,3,270,3,0,0,0,0,0,0,0,0,0,0,0,0,0,0,0,0,0,0,0,0,0
Nathaniel Atkinson,DF,Australia,23,1999,1,1,84,0.9,0,0,0,0,0,0,0,0,0,0,0,0,0,0,0,0,0,0,0,0,0
Yahya Attiat Allah,DF,Morocco,27,1995,6,2,318,3.5,0,1,0,0,0,0,0,0,0.28,0.28,0,0.28,0.2,0.2,1.2,1.4,0.07,0.37,0.44,0.07,0.44
André Ayew,"MF,FW",Ghana,32,1989,3,3,198,2.2,1,0,1,0,1,1,0,0.45,0,0.45,0.45,0.45,1.1,0.4,0,0.4,0.52,0,0.52,0.16,0.16
Jordan Ayew,FW,Ghana,30,1991,3,2,136,1.5,0,1,0,0,0,0,0,0,0.66,0.66,0,0.66,0.1,0.1,0.5,0.5,0.03,0.32,0.36,0.03,0.36
Sardar Azmoun,FW,Iran,27,1995,3,2,126,1.4,0,0,0,0,0,0,0,0,0,0,0,0,0.9,0.9,0.1,1,0.67,0.05,0.71,0.67,0.71
César Azpilicueta,DF,Spain,32,1989,2,2,135,1.5,0,1,0,0,0,0,0,0,0.67,0.67,0,0.67,0,0,0.7,0.7,0,0.45,0.45,0,0.45
Sr?an Babi?,DF,Serbia,26,1996,1,0,13,0.1,0,0,0,0,0,0,0,0,0,0,0,0,0,0,0,0,0,0,0,0,0
Keanu Baccus,MF,Australia,24,1998,4,1,114,1.3,0,0,0,0,0,0,0,0,0,0,0,0,0,0,0,0,0.04,0,0.04,0.04,0.04
Alexander Bah,DF,Denmark,24,1997,2,0,46,0.5,0,0,0,0,0,0,0,0,0,0,0,0,0.1,0.1,0.1,0.1,0.11,0.14,0.25,0.11,0.25
Hattan Bahebri,MF,Saudi Arabia,29,1992,2,0,4,0,0,1,0,0,0,1,0,0,22.5,22.5,0,22.5,0,0,0.6,0.6,0,14.37,14.37,0,14.37
Alejandro Balde,DF,Spain,18,2003,4,1,126,1.4,0,0,0,0,0,0,0,0,0,0,0,0,0,0,0,0,0.04,0,0.04,0.04,0.04
Gareth Bale,FW,Wales,32,1989,3,3,225,2.5,1,0,0,1,1,1,0,0.4,0,0.4,0,0,0.8,0,0.2,0.2,0.32,0.08,0.41,0.01,0.09
Fodé Ballo-Touré,DF,Senegal,25,1997,1,0,7,0.1,0,0,0,0,0,0,0,0,0,0,0,0,0,0,0,0,0,0,0,0,0
Badr Banoun,DF,Morocco,28,1993,3,0,54,0.6,0,0,0,0,0,0,0,0,0,0,0,0,0,0,0,0,0,0,0,0,0
Borna Bariši?,DF,Croatia,29,1992,1,1,120,1.3,0,0,0,0,0,1,0,0,0,0,0,0,0,0,0.1,0.1,0.02,0.12,0.14,0.02,0.14
Meshaal Barsham,GK,Qatar,24,1998,2,2,180,2,0,0,0,0,0,0,0,0,0,0,0,0,0,0,0,0,0,0,0,0,0
Christian Bassogog,MF,Cameroon,26,1995,1,0,24,0.3,0,0,0,0,0,1,0,0,0,0,0,0,0,0,0,0,0,0,0,0,0
Michy Batshuayi,FW,Belgium,28,1993,2,2,151,1.7,1,0,1,0,0,0,0,0.6,0,0.6,0.6,0.6,0.8,0.8,0.1,0.8,0.45,0.03,0.48,0.45,0.48
Jan Bednarek,DF,Poland,26,1996,1,0,5,0.1,0,0,0,0,0,0,0,0,0,0,0,0,0,0,0,0,0,0,0,0,0
Aziz Behich,DF,Australia,31,1990,4,4,360,4,0,0,0,0,0,1,0,0,0,0,0,0,0.1,0.1,0,0.1,0.03,0,0.03,0.03,0.03
Alireza Beiranvand,GK,Iran,29,1992,2,2,109,1.2,0,0,0,0,0,0,0,0,0,0,0,0,0,0,0,0,0,0,0,0,0
Jude Bellingham,MF,England,18,2003,5,5,414,4.6,1,1,1,0,0,0,0,0.22,0.22,0.43,0.22,0.43,0.6,0.6,0.3,0.9,0.12,0.07,0.19,0.12,0.19
Anis Ben Slimane,MF,Tunisia,21,2001,2,2,148,1.6,0,0,0,0,0,0,0,0,0,0,0,0,0.1,0.1,0.1,0.2,0.07,0.06,0.12,0.07,0.12
Jewison Bennette,MF,Costa Rica,17,2004,3,1,103,1.1,0,0,0,0,0,0,0,0,0,0,0,0,0,0,0,0,0.04,0,0.04,0.04,0.04
Rodrigo Bentancur,MF,Uruguay,24,1997,3,3,213,2.4,0,0,0,0,0,1,0,0,0,0,0,0,0.6,0.6,0.1,0.8,0.26,0.06,0.32,0.26,0.32
Bartosz Bereszy?ski,DF,Poland,29,1992,4,4,341,3.8,0,0,0,0,0,1,0,0,0,0,0,0,0,0,0,0,0,0,0,0,0
Steven Berghuis,MF,Netherlands,30,1991,4,1,200,2.2,0,1,0,0,0,1,0,0,0.45,0.45,0,0.45,0.3,0.3,0.1,0.3,0.13,0.04,0.17,0.13,0.17
Steven Bergwijn,FW,Netherlands,24,1997,4,3,213,2.4,0,0,0,0,0,1,0,0,0,0,0,0,0.5,0.5,0,0.5,0.21,0,0.21,0.21,0.21
Krystian Bielik,MF,Poland,24,1998,4,2,216,2.4,0,0,0,0,0,0,0,0,0,0,0,0,0.2,0.2,0,0.2,0.07,0,0.07,0.07,0.07
Daley Blind,DF,Netherlands,32,1990,5,5,423,4.7,1,1,1,0,0,0,0,0.21,0.21,0.43,0.21,0.43,0.4,0.4,0.5,0.8,0.08,0.1,0.18,0.08,0.18
Celso Borges,MF,Costa Rica,34,1988,3,3,249,2.8,0,0,0,0,0,1,0,0,0,0,0,0,0,0,0,0,0,0.02,0.02,0,0.02
Milan Borjan,GK,Canada,34,1987,3,3,270,3,0,0,0,0,0,0,0,0,0,0,0,0,0,0,0,0,0,0,0,0,0
Karim Boudiaf,MF,Qatar,31,1990,3,2,185,2.1,0,0,0,0,0,1,0,0,0,0,0,0,0,0,0,0,0,0,0,0,0
Sofiane Boufal,FW,Morocco,28,1993,7,7,475,5.3,0,0,0,0,0,1,0,0,0,0,0,0,0.3,0.3,0.3,0.6,0.05,0.06,0.11,0.05,0.11
Yassine Bounou,GK,Morocco,31,1991,6,6,570,6.3,0,0,0,0,0,0,0,0,0,0,0,0,0,0,0,0,0,0,0,0,0
Martin Braithwaite,"FW,MF",Denmark,31,1991,2,1,103,1.1,0,0,0,0,0,0,0,0,0,0,0,0,0.1,0.1,0.1,0.2,0.06,0.12,0.18,0.06,0.18
Mohammed Al-Breik,DF,Saudi Arabia,29,1992,2,1,65,0.7,0,0,0,0,0,0,0,0,0,0,0,0,0.4,0,0,0.1,0.51,0.07,0.58,0.03,0.1
Gleison Bremer,DF,Brazil,25,1997,2,1,109,1.2,0,0,0,0,0,0,0,0,0,0,0,0,0.2,0.2,0,0.2,0.14,0,0.14,0.14,0.14
Dylan Bronn,DF,Tunisia,26,1995,2,2,162,1.8,0,0,0,0,0,0,0,0,0,0,0,0,0.1,0.1,0,0.1,0.04,0,0.04,0.04,0.04
Marcelo Brozovi?,MF,Croatia,29,1992,6,6,552,6.1,0,0,0,0,0,1,0,0,0,0,0,0,0.5,0.5,0.2,0.7,0.09,0.03,0.12,0.09,0.12
Tajon Buchanan,"MF,DF",Canada,23,1999,3,3,260,2.9,0,1,0,0,0,1,0,0,0.35,0.35,0,0.35,0.9,0.9,0.5,1.4,0.33,0.17,0.5,0.33,0.5
Ante Budimir,FW,Croatia,30,1991,2,0,55,0.6,0,0,0,0,0,0,0,0,0,0,0,0,0.2,0.2,0,0.2,0.37,0.07,0.44,0.37,0.44
Osman Bukari,MF,Ghana,23,1998,2,0,59,0.7,1,0,1,0,0,0,0,1.53,0,1.53,1.53,1.53,0.5,0.5,0.1,0.6,0.76,0.09,0.85,0.76,0.85
Ali Al-Bulaihi,DF,Saudi Arabia,32,1989,3,3,216,2.4,0,0,0,0,0,1,0,0,0,0,0,0,0,0,0,0,0,0,0,0,0
Firas Al-Buraikan,"MF,FW",Saudi Arabia,22,2000,3,3,268,3,0,1,0,0,0,0,0,0,0.34,0.34,0,0.34,0.1,0.1,0.1,0.2,0.04,0.02,0.06,0.04,0.06
Sergio Busquets,MF,Spain,33,1988,4,4,363,4,0,0,0,0,0,1,0,0,0,0,0,0,0.1,0.1,0.1,0.2,0.04,0.02,0.06,0.04,0.06
Martín Cáceres,DF,Uruguay,35,1987,1,1,90,1,0,0,0,0,0,1,0,0,0,0,0,0,0,0,0,0,0,0,0,0,0
Moisés Caicedo,MF,Ecuador,20,2001,3,3,269,3,1,0,1,0,0,1,0,0.33,0,0.33,0.33,0.33,0.5,0.5,0,0.5,0.17,0,0.17,0.17,0.17
Francisco Calvo,DF,Costa Rica,29,1992,2,2,180,2,0,0,0,0,0,2,0,0,0,0,0,0,0,0,0,0,0.01,0,0.01,0.01,0.01
Eduardo Camavinga,DF,France,19,2002,2,1,140,1.6,0,0,0,0,0,0,0,0,0,0,0,0,0,0,0.1,0.1,0,0.11,0.11,0,0.11
Joel Campbell,"FW,MF",Costa Rica,29,1992,3,3,269,3,0,0,0,0,0,1,0,0,0,0,0,0,0,0,0.1,0.1,0,0.02,0.02,0,0.02
João Cancelo,DF,Portugal,28,1994,4,3,310,3.4,0,0,0,0,0,0,0,0,0,0,0,0,0,0,0,0,0.01,0,0.01,0.01,0.01
Agustín Canobbio,MF,Uruguay,23,1998,1,0,11,0.1,0,0,0,0,0,0,0,0,0,0,0,0,0,0,0,0,0,0,0,0,0
Yannick Carrasco,"FW,DF",Belgium,28,1993,2,2,116,1.3,0,0,0,0,0,1,0,0,0,0,0,0,0.3,0.3,0,0.3,0.22,0,0.22,0.22,0.22
Cameron Carter-Vickers,DF,USA,24,1997,1,1,90,1,0,0,0,0,0,0,0,0,0,0,0,0,0,0,0,0,0,0,0,0,0
Dani Carvajal,DF,Spain,30,1992,2,1,135,1.5,0,0,0,0,0,0,0,0,0,0,0,0,0,0,0,0,0,0,0,0,0
William Carvalho,MF,Portugal,30,1992,4,2,215,2.4,0,0,0,0,0,0,0,0,0,0,0,0,0.1,0.1,0,0.1,0.03,0,0.03,0.03,0.03
Casemiro,MF,Brazil,30,1992,4,4,390,4.3,1,0,1,0,0,1,0,0.23,0,0.23,0.23,0.23,0.4,0.4,0.1,0.6,0.1,0.04,0.14,0.1,0.14
Matty Cash,DF,Poland,24,1997,4,4,360,4,0,0,0,0,0,2,0,0,0,0,0,0,0,0,0.2,0.2,0.01,0.04,0.05,0.01,0.05
Timothy Castagne,DF,Belgium,26,1995,3,3,270,3,0,0,0,0,0,0,0,0,0,0,0,0,0,0,0,0,0,0,0,0,0
Jean-Charles Castelletto,DF,Cameroon,27,1995,2,2,180,2,1,1,1,0,0,0,0,0.5,0.5,1,0.5,1,0.9,0.9,0.3,1.2,0.47,0.15,0.62,0.47,0.62
Lucas Cavallini,FW,Canada,29,1992,1,0,19,0.2,0,0,0,0,0,0,0,0,0,0,0,0,0,0,0,0,0,0,0,0,0
Edinson Cavani,FW,Uruguay,35,1987,3,1,124,1.4,0,0,0,0,0,1,0,0,0,0,0,0,0.3,0.3,0.7,1,0.21,0.5,0.71,0.21,0.71
Ghaylène Chaalali,MF,Tunisia,28,1994,1,0,17,0.2,0,0,0,0,0,0,0,0,0,0,0,0,0,0,0,0,0,0,0,0,0
Daniel Chacón,MF,Costa Rica,21,2001,1,0,1,0,0,0,0,0,0,0,0,0,0,0,0,0,0,0,0,0,0,0,0,0,0
Ilias Chair,MF,Morocco,24,1997,1,0,45,0.5,0,0,0,0,0,0,0,0,0,0,0,0,0,0,0,0,0,0,0,0,0
Kwon Chang-hoon,"FW,MF",Korea Republic,27,1994,1,1,56,0.6,0,0,0,0,0,0,0,0,0,0,0,0,0,0,0.2,0.2,0,0.29,0.29,0,0.29
Luis Chávez,MF,Mexico,26,1996,3,3,270,3,1,0,1,0,0,0,0,0.33,0,0.33,0.33,0.33,0.3,0.3,0.5,0.7,0.1,0.15,0.25,0.1,0.25
Walid Cheddira,FW,Morocco,24,1998,2,0,64,0.7,0,0,0,0,0,2,1,0,0,0,0,0,0.5,0.5,0,0.5,1.24,0,1.24,1.24,1.24
Roozbeh Cheshmi,"DF,MF",Iran,28,1993,2,1,58,0.6,1,0,1,0,0,0,0,1.55,0,1.55,1.55,1.55,0.1,0.1,0,0.1,0.08,0,0.08,0.08,0.08
Andreas Christensen,DF,Denmark,26,1996,3,3,270,3,1,0,1,0,0,1,0,0.33,0,0.33,0.33,0.33,0.4,0.4,0,0.4,0.12,0,0.12,0.12,0.12
Hong Chul,DF,Korea Republic,31,1990,1,0,45,0.5,0,0,0,0,0,0,0,0,0,0,0,0,0,0,0.1,0.1,0,0.13,0.13,0,0.13
José Cifuentes,MF,Ecuador,23,1999,2,0,59,0.7,0,0,0,0,0,0,0,0,0,0,0,0,0,0,0,0,0.03,0,0.03,0.03,0.03
Pathé Ciss,MF,Senegal,28,1994,3,2,146,1.6,0,0,0,0,0,1,0,0,0,0,0,0,0,0,0,0,0.02,0,0.02,0.02,0.02
Sebastián Coates,DF,Uruguay,31,1990,2,2,180,2,0,0,0,0,0,1,0,0,0,0,0,0,0.1,0.1,0,0.1,0.05,0,0.05,0.05,0.05
Rubin Colwill,MF,Wales,20,2002,1,0,10,0.1,0,0,0,0,0,0,0,0,0,0,0,0,0,0,0,0,0.21,0,0.21,0.21,0.21
Kingsley Coman,"FW,MF",France,26,1996,6,1,169,1.9,0,0,0,0,0,0,0,0,0,0,0,0,0.2,0.2,0.1,0.2,0.1,0.05,0.15,0.1,0.15
Eray Cömert,DF,Switzerland,24,1998,2,0,46,0.5,0,0,0,0,0,1,0,0,0,0,0,0,0,0,0,0,0,0,0,0,0
Anthony Contreras,"FW,MF",Costa Rica,22,2000,3,2,125,1.4,0,0,0,0,0,1,0,0,0,0,0,0,0,0,0,0,0,0.01,0.01,0,0.01
Andreas Cornelius,FW,Denmark,29,1993,3,1,92,1,0,0,0,0,0,1,0,0,0,0,0,0,1,1,0.1,1.1,1,0.09,1.09,1,1.09
Ángel Correa,MF,Argentina,27,1995,1,0,5,0.1,0,0,0,0,0,0,0,0,0,0,0,0,0,0,0,0,0,0,0,0,0
Diogo Costa,GK,Portugal,22,1999,5,5,450,5,0,0,0,0,0,0,0,0,0,0,0,0,0,0,0,0,0,0.01,0.01,0,0.01
Thibaut Courtois,GK,Belgium,30,1992,3,3,270,3,0,0,0,0,0,0,0,0,0,0,0,0,0,0,0,0,0,0,0,0,0
Jason Cummings,FW,Australia,26,1995,1,0,35,0.4,0,0,0,0,0,0,0,0,0,0,0,0,0,0,0,0,0,0,0,0,0
Aimen Dahmen,GK,Tunisia,25,1997,3,3,270,3,0,0,0,0,0,0,0,0,0,0,0,0,0,0,0,0,0,0,0,0,0
Diogo Dalot,DF,Portugal,23,1999,3,3,258,2.9,0,2,0,0,0,0,0,0,0.7,0.7,0,0.7,0,0,0.7,0.8,0.01,0.25,0.26,0.01,0.26
Mikkel Damsgaard,"MF,FW",Denmark,21,2000,3,1,150,1.7,0,0,0,0,0,0,0,0,0,0,0,0,0,0,0.3,0.3,0,0.2,0.2,0,0.2
Danilo,DF,Brazil,30,1991,3,3,281,3.1,0,0,0,0,0,1,0,0,0,0,0,0,0,0,0,0,0.01,0,0.01,0.01,0.01
Achraf Dari,DF,Morocco,23,1999,3,2,187,2.1,1,0,1,0,0,1,0,0.48,0,0.48,0.48,0.48,0.6,0.6,0,0.6,0.3,0,0.3,0.3,0.3
Jonathan David,"FW,MF",Canada,22,2000,3,2,192,2.1,0,0,0,0,0,0,0,0,0,0,0,0,1,0.7,0,0.7,0.49,0,0.49,0.35,0.35
Alphonso Davies,"MF,DF",Canada,21,2000,3,3,270,3,1,0,1,0,1,1,0,0.33,0,0.33,0.33,0.33,1.1,0.3,0.5,0.8,0.36,0.17,0.53,0.09,0.27
Ben Davies,DF,Wales,29,1993,3,3,238,2.6,0,0,0,0,0,0,0,0,0,0,0,0,0.3,0.3,0,0.3,0.13,0,0.13,0.13,0.13
Nasser Al-Dawsari,FW,Saudi Arabia,23,1998,1,0,5,0.1,0,0,0,0,0,0,0,0,0,0,0,0,0,0,0.1,0.1,0,1.27,1.27,0,1.27
Salem Al-Dawsari,MF,Saudi Arabia,30,1991,3,3,270,3,2,0,2,0,1,1,0,0.67,0,0.67,0.67,0.67,1.8,1,0.2,1.2,0.59,0.08,0.67,0.32,0.4
Giorgian De Arrascaeta,MF,Uruguay,28,1994,2,1,108,1.2,2,0,2,0,0,0,0,1.67,0,1.67,1.67,1.67,1.2,1.2,0.5,1.7,1.01,0.45,1.45,1.01,1.45
Kevin De Bruyne,"FW,MF",Belgium,30,1991,3,3,270,3,0,0,0,0,0,0,0,0,0,0,0,0,0.2,0.2,0.9,1.1,0.08,0.3,0.38,0.08,0.38
Charles De Ketelaere,FW,Belgium,21,2001,1,0,16,0.2,0,0,0,0,0,0,0,0,0,0,0,0,0,0,0,0,0,0,0,0,0
Nicolás De La Cruz,MF,Uruguay,25,1997,2,0,38,0.4,0,0,0,0,0,0,0,0,0,0,0,0,0,0,0,0,0.09,0,0.09,0.09,0.09
Rodrigo De Paul,MF,Argentina,28,1994,7,7,599,6.7,0,0,0,0,0,0,0,0,0,0,0,0,0.9,0.9,0.3,1.2,0.13,0.05,0.18,0.13,0.18
Miloš Degenek,DF,Australia,28,1994,4,2,183,2,0,0,0,0,0,2,0,0,0,0,0,0,0,0,0,0,0,0,0,0,0
Thomas Delaney,MF,Denmark,30,1991,1,1,44,0.5,0,0,0,0,0,0,0,0,0,0,0,0,0,0,0,0,0,0,0,0,0
Ousmane Dembélé,FW,France,25,1997,7,6,433,4.8,0,2,0,0,0,1,0,0,0.42,0.42,0,0.42,0.5,0.5,1.6,2.1,0.1,0.34,0.44,0.1,0.44
Leander Dendoncker,"DF,MF",Belgium,27,1995,2,2,161,1.8,0,0,0,0,0,1,0,0,0,0,0,0,0.1,0.1,0.4,0.4,0.05,0.2,0.25,0.05,0.25
Sergiño Dest,DF,USA,21,2000,4,4,305,3.4,0,1,0,0,0,1,0,0,0.3,0.3,0,0.3,0.2,0.2,0.5,0.7,0.07,0.15,0.22,0.07,0.22
Ángel Di María,"MF,FW",Argentina,34,1988,5,4,288,3.2,1,1,1,0,0,0,0,0.31,0.31,0.62,0.31,0.62,0.8,0.8,0.6,1.4,0.27,0.2,0.46,0.27,0.46
Boulaye Dia,FW,Senegal,25,1996,4,4,318,3.5,1,0,1,0,0,1,0,0.28,0,0.28,0.28,0.28,0.7,0.7,0,0.8,0.21,0.01,0.22,0.21,0.22
Abdou Diallo,DF,Senegal,26,1996,4,4,331,3.7,0,0,0,0,0,0,0,0,0,0,0,0,0,0,0.1,0.1,0.01,0.02,0.03,0.01,0.03
Rúben Dias,DF,Portugal,25,1997,4,4,360,4,0,0,0,0,0,1,0,0,0,0,0,0,0,0,0,0,0.01,0,0.01,0.01,0.01
Krépin Diatta,"FW,MF",Senegal,23,1999,3,3,181,2,0,0,0,0,0,0,0,0,0,0,0,0,0.1,0.1,0.2,0.3,0.06,0.09,0.16,0.06,0.16
Famara Diedhiou,FW,Senegal,29,1992,2,1,92,1,1,0,1,0,0,0,0,0.98,0,0.98,0.98,0.98,0.2,0.2,0,0.2,0.19,0.03,0.22,0.19,0.22
Bamba Dieng,FW,Senegal,22,2000,4,0,100,1.1,1,0,1,0,0,0,0,0.9,0,0.9,0.9,0.9,0.5,0.5,0.1,0.6,0.45,0.05,0.5,0.45,0.5
Eric Dier,DF,England,28,1994,2,0,36,0.4,0,0,0,0,0,0,0,0,0,0,0,0,0,0,0,0,0,0,0,0,0
Axel Disasi,DF,France,24,1998,3,1,92,1,0,0,0,0,0,0,0,0,0,0,0,0,0.1,0.1,0,0.1,0.07,0,0.07,0.07,0.07
Alexander Djiku,"DF,FW",Ghana,27,1994,2,1,97,1.1,0,0,0,0,0,0,0,0,0,0,0,0,0,0,0,0,0,0,0,0,0
Ritsu Doan,FW,Japan,23,1998,4,2,217,2.4,2,0,2,0,0,0,0,0.83,0,0.83,0.83,0.83,0.5,0.5,0.2,0.7,0.21,0.07,0.28,0.21,0.28
Jeremy Doku,"MF,FW",Belgium,20,2002,1,0,19,0.2,0,0,0,0,0,0,0,0,0,0,0,0,0,0,0,0,0,0,0,0,0
Kasper Dolberg,FW,Denmark,24,1997,3,1,114,1.3,0,0,0,0,0,0,0,0,0,0,0,0,0.4,0.4,0.1,0.5,0.31,0.05,0.37,0.31,0.37
Mohamed Dräger,DF,Tunisia,25,1996,2,2,132,1.5,0,0,0,0,0,0,0,0,0,0,0,0,0.2,0.2,0,0.2,0.14,0.01,0.15,0.14,0.15
Óscar Duarte,DF,Costa Rica,33,1989,3,3,270,3,0,0,0,0,0,1,0,0,0,0,0,0,0,0,0.3,0.3,0,0.09,0.09,0,0.09
Mitchell Duke,FW,Australia,31,1991,4,4,270,3,1,0,1,0,0,1,0,0.33,0,0.33,0.33,0.33,0.4,0.4,0,0.4,0.12,0.01,0.13,0.12,0.13
Denzel Dumfries,DF,Netherlands,26,1996,5,5,479,5.3,1,2,1,0,0,2,1,0.19,0.38,0.56,0.19,0.56,0.4,0.4,0.3,0.7,0.08,0.06,0.14,0.08,0.14
Paulo Dybala,FW,Argentina,28,1993,2,0,18,0.2,0,0,0,0,0,0,0,0,0,0,0,0,0,0,0.2,0.2,0,1.03,1.03,0,1.03
Enzo Ebosse,DF,Cameroon,23,1999,1,1,90,1,0,0,0,0,0,0,0,0,0,0,0,0,0,0,0,0,0,0,0,0,0
Ederson,GK,Brazil,28,1993,1,1,90,1,0,0,0,0,0,0,0,0,0,0,0,0,0,0,0,0,0,0,0,0,0
Jorge Eduardo Sánchez,DF,Mexico,24,1997,2,2,175,1.9,0,0,0,0,0,1,0,0,0,0,0,0,0,0,0,0,0.01,0,0.01,0.01,0.01
Nico Elvedi,DF,Switzerland,25,1996,2,2,180,2,0,0,0,0,0,1,0,0,0,0,0,0,0.1,0.1,0,0.1,0.04,0,0.04,0.04,0.04
Breel Embolo,FW,Switzerland,25,1997,4,4,323,3.6,2,0,2,0,0,0,0,0.56,0,0.56,0.56,0.56,2.3,2.3,0.1,2.4,0.64,0.03,0.66,0.64,0.66
Youssef En-Nesyri,FW,Morocco,25,1997,7,7,542,6,2,0,2,0,0,0,0,0.33,0,0.33,0.33,0.33,1.2,1.2,0,1.3,0.21,0.01,0.21,0.21,0.21
Wataru Endo,MF,Japan,29,1993,4,3,304,3.4,0,0,0,0,0,1,0,0,0,0,0,0,0.2,0.2,0.5,0.6,0.06,0.15,0.21,0.06,0.21
Devis Epassy,GK,Cameroon,29,1993,2,2,180,2,0,0,0,0,0,0,0,0,0,0,0,0,0,0,0,0,0,0,0,0,0
Christian Eriksen,MF,Denmark,30,1992,3,3,270,3,0,0,0,0,0,0,0,0,0,0,0,0,0.2,0.2,0.4,0.6,0.06,0.14,0.2,0.06,0.2
Michael Estrada,FW,Ecuador,26,1996,3,3,225,2.5,0,0,0,0,0,0,0,0,0,0,0,0,0.3,0.3,0,0.3,0.13,0.01,0.13,0.13,0.13
Pervis Estupiñán,DF,Ecuador,24,1998,3,3,270,3,0,0,0,0,0,0,0,0,0,0,0,0,0.1,0.1,0.3,0.3,0.02,0.09,0.11,0.02,0.11
Stephen Eustáquio,MF,Canada,25,1996,2,2,125,1.4,0,0,0,0,0,0,0,0,0,0,0,0,0.2,0.2,0.2,0.3,0.13,0.11,0.24,0.13,0.24
Saeid Ezatolahi,MF,Iran,25,1996,3,2,217,2.4,0,0,0,0,0,0,0,0,0,0,0,0,0.1,0.1,0.2,0.3,0.04,0.08,0.12,0.04,0.12
Abdessamad Ezzalzouli,"FW,MF",Morocco,20,2001,3,0,93,1,0,0,0,0,0,0,0,0,0,0,0,0,0.1,0.1,0.3,0.3,0.09,0.39,0.49,0.09,0.49
Fabinho,MF,Brazil,28,1993,1,1,90,1,0,0,0,0,0,0,0,0,0,0,0,0,0,0,0,0,0,0,0,0,0
Collins Fai,DF,Cameroon,29,1992,3,3,270,3,0,0,0,0,0,2,0,0,0,0,0,0,0,0,0,0.1,0.01,0.01,0.02,0.01,0.02
Salman Al-Faraj,MF,Saudi Arabia,32,1989,1,1,44,0.5,0,0,0,0,0,0,0,0,0,0,0,0,0,0,0,0,0,0,0,0,0
Christian Fassnacht,FW,Switzerland,28,1993,1,0,8,0.1,0,0,0,0,0,0,0,0,0,0,0,0,0.2,0.2,0,0.2,2.58,0,2.58,2.58,2.58
Abdul Fatawu Issahaku,FW,Ghana,18,2004,1,0,1,0,0,0,0,0,0,0,0,0,0,0,0,0,0,0,0,0,0,0,0,0,0
Ansu Fati,FW,Spain,19,2002,2,0,46,0.5,0,0,0,0,0,0,0,0,0,0,0,0,0,0,0,0,0,0,0,0,0
João Félix,FW,Portugal,22,1999,4,4,331,3.7,1,2,1,0,0,1,0,0.27,0.54,0.82,0.27,0.82,0.9,0.9,0.4,1.2,0.24,0.1,0.34,0.24,0.34
Bruno Fernandes,"FW,MF",Portugal,27,1994,4,4,356,4,2,3,1,1,1,1,0,0.51,0.76,1.26,0.25,1.01,1.1,0.3,1.7,2,0.28,0.42,0.71,0.08,0.51
Edimilson Fernandes,"FW,DF",Switzerland,26,1996,3,1,145,1.6,0,0,0,0,0,0,0,0,0,0,0,0,0,0,0.3,0.4,0.02,0.21,0.23,0.02,0.23
Enzo Fernández,MF,Argentina,21,2001,7,5,564,6.3,1,1,1,0,0,1,0,0.16,0.16,0.32,0.16,0.32,0.3,0.3,0.9,1.2,0.05,0.16,0.21,0.05,0.21
Jesús Ferreira,FW,USA,21,2000,1,1,45,0.5,0,0,0,0,0,0,0,0,0,0,0,0,0,0,0,0,0,0,0,0,0
Phil Foden,"FW,MF",England,22,2000,4,3,258,2.9,1,2,1,0,0,0,0,0.35,0.7,1.05,0.35,1.05,1.1,1.1,0.6,1.6,0.38,0.2,0.57,0.38,0.57
Youssouf Fofana,MF,France,23,1999,6,2,227,2.5,0,0,0,0,0,0,0,0,0,0,0,0,0.2,0.2,0.2,0.3,0.07,0.07,0.14,0.07,0.14
Juan Foyth,DF,Argentina,24,1998,1,0,5,0.1,0,0,0,0,0,0,0,0,0,0,0,0,0,0,0,0,0,0,0,0,0
Alan Franco,MF,Ecuador,23,1998,2,1,46,0.5,0,0,0,0,0,0,0,0,0,0,0,0,0,0,0,0,0,0,0,0,0
Przemys?aw Frankowski,MF,Poland,27,1995,4,3,240,2.7,0,0,0,0,0,1,0,0,0,0,0,0,0,0,0.2,0.3,0.01,0.09,0.11,0.01,0.11
Fred,MF,Brazil,29,1993,4,2,142,1.6,0,0,0,0,0,1,0,0,0,0,0,0,0.3,0.3,0.2,0.6,0.23,0.16,0.39,0.23,0.39
Fabian Frei,MF,Switzerland,33,1989,2,0,25,0.3,0,0,0,0,0,0,0,0,0,0,0,0,0,0,0,0,0,0,0,0,0
Remo Freuler,MF,Switzerland,30,1992,4,4,323,3.6,1,0,1,0,0,0,0,0.28,0,0.28,0.28,0.28,0.5,0.5,0,0.5,0.14,0,0.14,0.14,0.14
Keysher Fuller,"DF,MF",Costa Rica,27,1994,3,3,253,2.8,1,0,1,0,0,0,0,0.36,0,0.36,0.36,0.36,0.4,0.4,0.2,0.5,0.14,0.05,0.19,0.14,0.19
Niclas Füllkrug,FW,Germany,29,1993,3,0,69,0.8,2,1,2,0,0,0,0,2.61,1.3,3.91,2.61,3.91,2.2,2.2,0.6,2.8,2.86,0.76,3.62,2.86,3.62
Rogelio Funes Mori,FW,Mexico,31,1991,1,0,5,0.1,0,0,0,0,0,0,0,0,0,0,0,0,0.1,0.1,0,0.1,1.23,0,1.23,1.23,1.23
Cody Gakpo,"FW,MF",Netherlands,23,1999,5,5,450,5,3,0,3,0,0,0,0,0.6,0,0.6,0.6,0.6,0.3,0.3,0.6,0.9,0.06,0.12,0.18,0.06,0.18
Hernán Galíndez,GK,Ecuador,35,1987,3,3,270,3,0,0,0,0,0,0,0,0,0,0,0,0,0,0,0,0,0,0,0,0,0
Jesús Gallardo,DF,Mexico,27,1994,3,3,270,3,0,0,0,0,0,0,0,0,0,0,0,0,0.1,0.1,0,0.1,0.04,0.01,0.05,0.04,0.05
Idrissa Gana Gueye,MF,Senegal,32,1989,3,3,270,3,0,0,0,0,0,2,0,0,0,0,0,0,0.3,0.3,0.1,0.4,0.11,0.03,0.14,0.11,0.14
Gavi,MF,Spain,17,2004,4,4,284,3.2,1,0,1,0,0,0,0,0.32,0,0.32,0.32,0.32,0.1,0.1,0.1,0.2,0.04,0.03,0.07,0.04,0.07
Sultan Al-Ghanam,"DF,MF",Saudi Arabia,28,1994,3,1,126,1.4,0,0,0,0,0,0,0,0,0,0,0,0,0.2,0.2,0.1,0.2,0.12,0.05,0.17,0.12,0.17
Nader Ghandri,DF,Tunisia,27,1995,1,1,90,1,0,0,0,0,0,0,0,0,0,0,0,0,0,0,0,0,0,0,0,0,0
Saman Ghoddos,MF,Iran,28,1993,1,0,45,0.5,0,0,0,0,0,0,0,0,0,0,0,0,0.2,0.2,0,0.2,0.36,0.05,0.41,0.36,0.41
Ali Gholizadeh,"MF,FW",Iran,26,1996,3,2,199,2.2,0,1,0,0,0,0,0,0,0.45,0.45,0,0.45,0,0,0.2,0.2,0.01,0.07,0.09,0.01,0.09
Matthias Ginter,DF,Germany,28,1994,1,0,1,0,0,0,0,0,0,0,0,0,0,0,0,0,0,0,0,0,0,0,0,0,0
Olivier Giroud,FW,France,35,1986,6,6,419,4.7,4,0,4,0,0,1,0,0.86,0,0.86,0.86,0.86,3.4,3.4,0.1,3.5,0.72,0.03,0.76,0.72,0.76
Kamil Glik,DF,Poland,34,1988,4,4,360,4,0,0,0,0,0,0,0,0,0,0,0,0,0.2,0.2,0,0.2,0.06,0,0.06,0.06,0.06
Serge Gnabry,"FW,MF",Germany,26,1995,3,3,263,2.9,1,1,1,0,0,0,0,0.34,0.34,0.68,0.34,0.68,1.1,1.1,1.5,2.6,0.37,0.51,0.88,0.37,0.88
Diego Godín,DF,Uruguay,36,1986,2,2,151,1.7,0,0,0,0,0,0,0,0,0,0,0,0,0.1,0.1,0,0.1,0.03,0,0.03,0.03,0.03
Maxi Gómez,FW,Uruguay,25,1996,2,0,30,0.3,0,0,0,0,0,0,0,0,0,0,0,0,0.1,0.1,0,0.1,0.26,0,0.26,0.26,0.26
Papu Gómez,"MF,FW",Argentina,34,1988,2,2,107,1.2,0,0,0,0,0,0,0,0,0,0,0,0,0,0,0,0,0.03,0,0.03,0.03,0.03
Sh?ichi Gonda,GK,Japan,33,1989,4,4,390,4.3,0,0,0,0,0,0,0,0,0,0,0,0,0,0,0,0,0,0,0,0,0
Craig Goodwin,MF,Australia,30,1991,4,3,234,2.6,1,1,1,0,0,0,0,0.38,0.38,0.77,0.38,0.77,0.3,0.3,0.6,0.9,0.11,0.25,0.36,0.11,0.36
Leon Goretzka,MF,Germany,27,1995,3,2,159,1.8,0,0,0,0,0,1,0,0,0,0,0,0,0.5,0.5,0,0.5,0.26,0.01,0.27,0.26,0.27
Mario Götze,MF,Germany,30,1992,2,0,36,0.4,0,0,0,0,0,0,0,0,0,0,0,0,0.1,0.1,0.1,0.2,0.21,0.29,0.5,0.21,0.5
Jack Grealish,FW,England,26,1995,5,0,86,1,1,0,1,0,0,0,0,1.05,0,1.05,1.05,1.05,0.6,0.6,0.1,0.8,0.69,0.12,0.81,0.69,0.81
Antoine Griezmann,MF,France,31,1991,7,6,537,6,0,3,0,0,0,1,0,0,0.5,0.5,0,0.5,0.7,0.7,3.1,3.7,0.11,0.52,0.63,0.11,0.63
Kamil Grosicki,MF,Poland,34,1988,1,0,4,0,0,0,0,0,0,0,0,0,0,0,0,0,0,0,0.1,0.1,0,1.69,1.69,0,1.69
Carlos Gruezo,MF,Ecuador,27,1995,1,1,45,0.5,0,0,0,0,0,0,0,0,0,0,0,0,0,0,0,0,0,0,0,0,0
Marko Gruji?,MF,Serbia,26,1996,1,0,13,0.1,0,0,0,0,0,0,0,0,0,0,0,0,0,0,0,0,0.26,0,0.26,0.26,0.26
Andrés Guardado,MF,Mexico,35,1986,1,1,41,0.5,0,0,0,0,0,0,0,0,0,0,0,0,0,0,0,0,0,0,0,0,0
Nemanja Gudelj,"MF,DF",Serbia,30,1991,2,1,92,1,0,0,0,0,0,2,0,0,0,0,0,0,0,0,0,0,0,0,0,0,0
Mattéo Guendouzi,"FW,MF",France,23,1999,1,1,78,0.9,0,0,0,0,0,0,0,0,0,0,0,0,0,0,0,0,0,0,0,0,0
Raphaël Guerreiro,DF,Portugal,28,1993,4,3,279,3.1,1,2,1,0,0,0,0,0.32,0.65,0.97,0.32,0.97,0.4,0.4,0.6,1,0.12,0.19,0.31,0.12,0.31
Cho Guesung,FW,Korea Republic,24,1998,4,3,275,3.1,2,0,2,0,0,1,0,0.65,0,0.65,0.65,0.65,1.1,1.1,0,1.1,0.35,0.01,0.36,0.35,0.36
Pape Gueye,MF,Senegal,23,1999,3,1,153,1.7,0,0,0,0,0,0,0,0,0,0,0,0,0.1,0.1,0.2,0.3,0.07,0.11,0.18,0.07,0.18
Bruno Guimarães,MF,Brazil,24,1997,2,0,69,0.8,0,0,0,0,0,1,0,0,0,0,0,0,0.7,0.7,0,0.7,0.92,0,0.92,0.92,0.92
?lkay Gündo?an,MF,Germany,31,1990,3,3,189,2.1,1,0,0,1,1,0,0,0.48,0,0.48,0,0,1.1,0.4,0.1,0.5,0.54,0.05,0.6,0.17,0.22
Erick Gutiérrez,MF,Mexico,26,1995,1,0,49,0.5,0,0,0,0,0,1,0,0,0,0,0,0,0,0,0,0,0,0,0,0,0
Joško Gvardiol,DF,Croatia,20,2002,7,7,690,7.7,1,0,1,0,0,0,0,0.13,0,0.13,0.13,0.13,0.1,0.1,0,0.2,0.02,0.01,0.03,0.02,0.03
Asiri Haitham,FW,Saudi Arabia,21,2001,1,0,2,0,0,0,0,0,0,0,0,0,0,0,0,0,0,0,0,0,0,0,0,0,0
Ehsan Hajsafi,"MF,DF",Iran,32,1990,3,3,237,2.6,0,0,0,0,0,0,0,0,0,0,0,0,0.2,0.2,0.2,0.4,0.06,0.08,0.15,0.06,0.15
Achraf Hakimi,DF,Morocco,23,1998,7,7,631,7,0,1,0,0,0,0,0,0,0.14,0.14,0,0.14,0.1,0.1,0.5,0.6,0.02,0.07,0.09,0.02,0.09
Abderrazak Hamdallah,FW,Morocco,31,1990,4,0,68,0.8,0,0,0,0,0,0,0,0,0,0,0,0,0.4,0.4,0,0.4,0.52,0,0.52,0.52,0.52
Abdelkarim Hassan,DF,Qatar,28,1993,3,3,270,3,0,0,0,0,0,0,0,0,0,0,0,0,0.3,0.3,0,0.3,0.1,0.01,0.11,0.1,0.11
Ali Al Hassan,MF,Saudi Arabia,25,1997,1,1,45,0.5,0,0,0,0,0,1,0,0,0,0,0,0,0.1,0.1,0,0.1,0.15,0,0.15,0.15,0.15
Abdulaziz Hatem,MF,Qatar,31,1990,3,2,196,2.2,0,0,0,0,0,0,0,0,0,0,0,0,0,0,0,0,0.01,0.01,0.02,0.01,0.02
Kai Havertz,FW,Germany,23,1999,2,1,102,1.1,2,0,2,0,0,0,0,1.76,0,1.76,1.76,1.76,1.4,1.4,0.2,1.6,1.19,0.17,1.36,1.19,1.36
Hassan Al-Haydos,MF,Qatar,31,1990,3,3,206,2.3,0,0,0,0,0,0,0,0,0,0,0,0,0,0,0.6,0.6,0.01,0.27,0.27,0.01,0.27
Eden Hazard,MF,Belgium,31,1991,3,2,124,1.4,0,0,0,0,0,0,0,0,0,0,0,0,0.1,0.1,0,0.1,0.04,0.01,0.05,0.04,0.05
Thorgan Hazard,FW,Belgium,29,1993,2,1,106,1.2,0,0,0,0,0,0,0,0,0,0,0,0,0,0,1.3,1.3,0,1.07,1.07,0,1.07
Hwang Hee-chan,"MF,FW",Korea Republic,26,1996,2,1,115,1.3,1,0,1,0,0,1,0,0.78,0,0.78,0.78,0.78,0.9,0.9,0,1,0.72,0.03,0.75,0.72,0.75
Jordan Henderson,MF,England,31,1990,4,3,271,3,1,0,1,0,0,0,0,0.33,0,0.33,0.33,0.33,0.2,0.2,0.3,0.5,0.05,0.11,0.16,0.05,0.16
Wayne Hennessey,GK,Wales,35,1987,2,2,175,1.9,0,0,0,0,0,0,1,0,0,0,0,0,0,0,0,0,0,0,0,0,0
Lucas Hernández,DF,France,26,1996,1,1,12,0.1,0,0,0,0,0,0,0,0,0,0,0,0,0,0,0,0,0,0,0,0,0
Theo Hernández,DF,France,24,1997,6,5,508,5.6,1,2,1,0,0,1,0,0.18,0.35,0.53,0.18,0.53,0.4,0.4,1.2,1.6,0.07,0.22,0.29,0.07,0.29
Héctor Herrera,MF,Mexico,32,1990,2,2,160,1.8,0,0,0,0,0,1,0,0,0,0,0,0,0,0,0.1,0.1,0,0.06,0.06,0,0.06
Son Heung-min,"FW,MF",Korea Republic,29,1992,4,4,360,4,0,1,0,0,0,0,0,0,0.25,0.25,0,0.25,0.4,0.4,1,1.4,0.11,0.24,0.35,0.11,0.35
Piero Hincapié,DF,Ecuador,20,2002,3,3,270,3,0,0,0,0,0,0,0,0,0,0,0,0,0,0,0,0,0,0,0,0,0
Jonas Hofmann,FW,Germany,29,1992,2,0,30,0.3,0,0,0,0,0,0,0,0,0,0,0,0,0.3,0.3,0.1,0.3,0.82,0.16,0.98,0.82,0.98
Junior Hoilett,"FW,MF",Canada,32,1990,3,2,161,1.8,0,0,0,0,0,1,0,0,0,0,0,0,0.1,0.1,0.4,0.5,0.08,0.21,0.28,0.08,0.28
Martin Hongla,MF,Cameroon,24,1998,2,2,121,1.3,0,0,0,0,0,0,0,0,0,0,0,0,0.1,0.1,0.1,0.1,0.04,0.05,0.09,0.04,0.09
Ricardo Horta,FW,Portugal,27,1994,3,1,119,1.3,1,0,1,0,0,0,0,0.76,0,0.76,0.76,0.76,0.8,0.8,0.1,0.8,0.58,0.05,0.63,0.58,0.63
Hossein Hosseini,GK,Iran,29,1992,2,1,161,1.8,0,0,0,0,0,0,0,0,0,0,0,0,0,0,0,0,0,0,0,0,0
Majid Hosseini,DF,Iran,25,1996,3,3,270,3,0,0,0,0,0,1,0,0,0,0,0,0,0,0,0,0,0,0,0,0,0
Ajdin Hrustic,"MF,FW",Australia,25,1996,3,0,62,0.7,0,0,0,0,0,0,0,0,0,0,0,0,0,0,0,0,0.04,0,0.04,0.04,0.04
Atiba Hutchinson,MF,Canada,39,1983,3,2,159,1.8,0,0,0,0,0,0,0,0,0,0,0,0,0.1,0.1,0,0.1,0.07,0,0.07,0.07,0.07
Pierre Højbjerg,MF,Denmark,26,1995,3,3,270,3,0,0,0,0,0,0,0,0,0,0,0,0,0,0,0,0.1,0.01,0.01,0.02,0.01,0.02
Romario Ibarra,MF,Ecuador,27,1994,2,1,68,0.8,0,0,0,0,0,0,0,0,0,0,0,0,0.1,0.1,0,0.1,0.19,0,0.19,0.19,0.19
Ivan Ili?,MF,Serbia,21,2001,1,0,34,0.4,0,0,0,0,0,0,0,0,0,0,0,0,0,0,0,0,0,0.04,0.04,0,0.04
Hwang In-beom,MF,Korea Republic,25,1996,4,4,334,3.7,0,0,0,0,0,0,0,0,0,0,0,0,0.2,0.2,0.1,0.3,0.06,0.02,0.08,0.06,0.08
Jackson Irvine,"MF,FW",Australia,29,1993,4,4,354,3.9,0,0,0,0,0,2,0,0,0,0,0,0,0.5,0.5,0,0.6,0.13,0.01,0.14,0.13,0.14
Ko Itakura,DF,Japan,25,1997,3,3,270,3,0,1,0,0,0,2,0,0,0.33,0.33,0,0.33,0.2,0.2,0.1,0.2,0.05,0.03,0.08,0.05,0.08
Hiroki Ito,DF,Japan,23,1999,1,0,45,0.5,0,0,0,0,0,0,0,0,0,0,0,0,0,0,0,0,0,0.09,0.09,0,0.09
Junya Ito,"MF,FW",Japan,29,1993,4,3,324,3.6,0,1,0,0,0,0,0,0,0.28,0.28,0,0.28,0.2,0.2,0.2,0.4,0.05,0.07,0.12,0.05,0.12
Yahya Jabrane,MF,Morocco,30,1991,2,0,15,0.2,0,0,0,0,0,0,0,0,0,0,0,0,,,,,,,,,
Nicolas Jackson,FW,Senegal,20,2001,1,0,17,0.2,0,0,0,0,0,0,0,0,0,0,0,0,0,0,0,0,0,0,0,0,0
Lee Jae-sung,"MF,FW",Korea Republic,29,1992,3,3,211,2.3,0,0,0,0,0,0,0,0,0,0,0,0,0,0,0,0.1,0.01,0.02,0.03,0.01,0.03
Alireza Jahanbakhsh,MF,Iran,28,1993,2,1,59,0.7,0,0,0,0,0,2,0,0,0,0,0,0,0.2,0.2,0,0.2,0.29,0,0.29,0.29,0.29
Kristijan Jaki?,FW,Croatia,25,1997,1,0,1,0,0,0,0,0,0,0,0,0,0,0,0,0,0,0,0,0,0,0,0,0,0
Ismail Jakobs,DF,Senegal,22,1999,4,3,278,3.1,0,1,0,0,0,1,0,0,0.32,0.32,0,0.32,0,0,0.3,0.3,0,0.1,0.11,0,0.11
Abolfazl Jalali,DF,Iran,23,1998,1,0,19,0.2,0,0,0,0,0,1,0,0,0,0,0,0,0,0,0,0,0,0,0,0,0
Daniel James,"FW,MF",Wales,24,1997,3,2,154,1.7,0,0,0,0,0,1,0,0,0,0,0,0,0,0,0,0,0,0.02,0.02,0,0.02
Vincent Janssen,FW,Netherlands,27,1994,2,1,86,1,0,0,0,0,0,0,0,0,0,0,0,0,0.1,0.1,0,0.1,0.09,0.04,0.13,0.09,0.13
Ardon Jasari,FW,Switzerland,19,2002,1,0,2,0,0,0,0,0,0,0,0,0,0,0,0,0,0,0,0,0,0,0,0,0,0
Issam Jebali,FW,Tunisia,30,1991,3,2,182,2,0,0,0,0,0,0,0,0,0,0,0,0,0.5,0.5,0.2,0.7,0.26,0.08,0.34,0.26,0.34
Artur J?drzejczyk,DF,Poland,34,1987,1,0,19,0.2,0,0,0,0,0,0,0,0,0,0,0,0,0,0,0,0,0,0,0,0,0
Mathias Jensen,MF,Denmark,26,1996,2,1,84,0.9,0,0,0,0,0,1,0,0,0,0,0,0,0.1,0.1,0.4,0.5,0.11,0.38,0.5,0.11,0.5
Gabriel Jesus,FW,Brazil,25,1997,3,1,93,1,0,0,0,0,0,0,0,0,0,0,0,0,0.4,0.4,0.2,0.6,0.35,0.23,0.58,0.35,0.58
Raúl Jiménez,FW,Mexico,31,1991,3,0,59,0.7,0,0,0,0,0,0,0,0,0,0,0,0,0,0,0,0,0,0,0,0,0
Kim Jin-su,DF,Korea Republic,30,1992,4,4,315,3.5,0,1,0,0,0,0,0,0,0.29,0.29,0,0.29,0.3,0.3,0.6,0.9,0.09,0.17,0.27,0.09,0.27
Brennan Johnson,"FW,MF",Wales,21,2001,3,0,91,1,0,0,0,0,0,0,0,0,0,0,0,0,0.2,0.2,0,0.2,0.21,0,0.21,0.21,0.21
Alistair Johnston,DF,Canada,23,1998,3,3,270,3,0,0,0,0,0,1,0,0,0,0,0,0,0.8,0.8,0.2,1,0.27,0.06,0.33,0.27,0.33
Frenkie de Jong,MF,Netherlands,25,1997,5,5,475,5.3,1,1,1,0,0,1,0,0.19,0.19,0.38,0.19,0.38,0.9,0.9,0.2,1.1,0.18,0.04,0.22,0.18,0.22
Luuk de Jong,FW,Netherlands,31,1990,1,0,57,0.6,0,0,0,0,0,0,0,0,0,0,0,0,0.1,0.1,0,0.1,0.25,0,0.25,0.25,0.25
Luka Jovi?,FW,Serbia,24,1997,1,0,36,0.4,0,0,0,0,0,1,0,0,0,0,0,0,0.1,0.1,0.2,0.2,0.13,0.4,0.53,0.13,0.53
Son Jun-ho,"MF,DF",Korea Republic,30,1992,3,0,72,0.8,0,0,0,0,0,0,0,0,0,0,0,0,0,0,0,0,0,0,0,0,0
Vinicius Júnior,FW,Brazil,21,2000,4,4,299,3.3,1,2,1,0,0,0,0,0.3,0.6,0.9,0.3,0.9,1,1,0.7,1.7,0.3,0.2,0.5,0.3,0.5
Josip Juranovi?,DF,Croatia,26,1995,6,6,600,6.7,0,1,0,0,0,0,0,0,0.15,0.15,0,0.15,0,0,0.3,0.4,0.01,0.05,0.06,0.01,0.06
Daichi Kamada,"FW,MF",Japan,25,1996,4,4,322,3.6,0,0,0,0,0,0,0,0,0,0,0,0,0.6,0.6,0,0.7,0.18,0.01,0.19,0.18,0.19
Jakub Kami?ski,MF,Poland,20,2002,4,2,233,2.6,0,0,0,0,0,0,0,0,0,0,0,0,0.4,0.3,0.2,0.5,0.14,0.09,0.23,0.1,0.19
Hossein Kanaanizadegan,DF,Iran,28,1994,1,0,45,0.5,0,0,0,0,0,1,0,0,0,0,0,0,0,0,0,0,0,0,0,0,0
Harry Kane,FW,England,28,1993,5,5,402,4.5,2,3,1,1,2,0,0,0.45,0.67,1.12,0.22,0.9,2.7,1.1,1.5,2.6,0.6,0.34,0.94,0.25,0.59
Lee Kangin,"MF,FW",Korea Republic,21,2001,4,1,147,1.6,0,1,0,0,0,1,0,0,0.61,0.61,0,0.61,0.2,0.2,0.3,0.4,0.09,0.17,0.27,0.09,0.27
Mohamed Kanno,"MF,FW",Saudi Arabia,27,1994,3,3,270,3,0,0,0,0,0,0,0,0,0,0,0,0,0.3,0.3,0,0.3,0.1,0,0.1,0.1,0.1
Fran Kara?i?,DF,Australia,26,1996,2,1,93,1,0,0,0,0,0,0,0,0,0,0,0,0,0.2,0.2,0.1,0.3,0.17,0.09,0.27,0.17,0.27
Ali Karimi,MF,Iran,28,1994,3,1,99,1.1,0,0,0,0,0,0,0,0,0,0,0,0,0,0,0,0,0,0,0,0,0
Mark-Anthony Kaye,MF,Canada,27,1994,1,1,59,0.7,0,0,0,0,0,0,0,0,0,0,0,0,0,0,0,0,0.06,0,0.06,0.06,0.06
Wajdi Kechrida,DF,Tunisia,26,1995,3,1,111,1.2,0,0,0,0,0,1,0,0,0,0,0,0,0,0,0.1,0.1,0,0.08,0.08,0,0.08
Thilo Kehrer,DF,Germany,25,1996,1,1,69,0.8,0,0,0,0,0,1,0,0,0,0,0,0,0,0,0,0,0,0,0,0,0
Bilal El Khannous,MF,Morocco,18,2004,1,1,55,0.6,0,0,0,0,0,0,0,0,0,0,0,0,0,0,0,0,0,0,0,0,0
Wahbi Khazri,"FW,MF",Tunisia,31,1991,2,1,83,0.9,1,0,1,0,0,0,0,1.08,0,1.08,1.08,1.08,0.4,0.4,0,0.4,0.47,0,0.47,0.47,0.47
Musab Kheder,DF,Qatar,28,1993,1,0,6,0.1,0,0,0,0,0,0,0,0,0,0,0,0,0,0,0,0,0,0,0,0,0
Boualem Khoukhi,DF,Qatar,31,1990,3,3,270,3,0,0,0,0,0,0,0,0,0,0,0,0,0,0,0,0,0,0,0,0,0
Joshua Kimmich,"MF,DF",Germany,27,1995,3,3,270,3,0,0,0,0,0,1,0,0,0,0,0,0,0.4,0.4,1.1,1.5,0.12,0.37,0.49,0.12,0.49
Jakub Kiwior,DF,Poland,22,2000,4,4,355,3.9,0,0,0,0,0,1,0,0,0,0,0,0,0,0,0,0,0.01,0,0.01,0.01,0.01
Simon Kjær,DF,Denmark,33,1989,1,1,64,0.7,0,0,0,0,0,0,0,0,0,0,0,0,0,0,0,0,0,0,0,0,0
Davy Klaassen,"MF,FW",Netherlands,29,1993,4,3,190,2.1,1,2,1,0,0,0,0,0.47,0.95,1.42,0.47,1.42,0.2,0.2,0.3,0.5,0.11,0.14,0.25,0.11,0.25
Lukas Klostermann,DF,Germany,26,1996,2,0,66,0.7,0,0,0,0,0,0,0,0,0,0,0,0,0,0,0,0,0,0,0,0,0
Gregor Kobel,GK,Switzerland,24,1997,1,1,90,1,0,0,0,0,0,0,0,0,0,0,0,0,0,0,0,0,0,0,0,0,0
Koke,MF,Spain,30,1992,2,0,52,0.6,0,0,0,0,0,0,0,0,0,0,0,0,0,0,0,0,0,0,0,0,0
Randal Kolo Muani,FW,France,23,1998,3,1,182,2,1,0,1,0,0,0,0,0.49,0,0.49,0.49,0.49,1.1,1.1,0,1.1,0.65,0,0.65,0.65,0.65
Ibrahima Konaté,DF,France,23,1999,5,3,294,3.3,0,0,0,0,0,0,0,0,0,0,0,0,0.4,0.4,0.4,0.7,0.12,0.12,0.23,0.12,0.23
Ismaël Koné,"MF,DF",Canada,20,2002,3,0,109,1.2,0,0,0,0,0,0,0,0,0,0,0,0,0,0,0.1,0.1,0,0.05,0.05,0,0.05
Teun Koopmeiners,MF,Netherlands,24,1998,5,1,219,2.4,0,1,0,0,0,1,0,0,0.41,0.41,0,0.41,0.1,0.1,0.2,0.3,0.04,0.09,0.13,0.04,0.13
Filip Kosti?,DF,Serbia,29,1992,2,2,179,2,0,0,0,0,0,0,0,0,0,0,0,0,0,0,0,0.1,0.01,0.02,0.03,0.01,0.03
Kalidou Koulibaly,DF,Senegal,30,1991,4,4,360,4,1,0,1,0,0,1,0,0.25,0,0.25,0.25,0.25,0.5,0.5,0,0.5,0.12,0.01,0.13,0.12,0.13
Jules Koundé,DF,France,23,1998,6,5,480,5.3,0,0,0,0,0,1,0,0,0,0,0,0,0.2,0.2,0.1,0.3,0.04,0.01,0.05,0.04,0.05
Cheikhou Kouyaté,MF,Senegal,32,1989,1,1,72,0.8,0,0,0,0,0,0,0,0,0,0,0,0,0,0,0,0,0,0.05,0.05,0,0.05
Mateo Kova?i?,MF,Croatia,28,1994,7,7,635,7.1,0,0,0,0,0,2,0,0,0,0,0,0,0.3,0.3,1,1.3,0.05,0.14,0.18,0.05,0.18
Andrej Kramari?,"FW,MF",Croatia,30,1991,7,7,474,5.3,2,0,2,0,0,0,0,0.38,0,0.38,0.38,0.38,1.6,1.6,0.2,1.9,0.31,0.04,0.36,0.31,0.36
Grzegorz Krychowiak,MF,Poland,32,1990,4,4,332,3.7,0,0,0,0,0,1,0,0,0,0,0,0,0,0,0.2,0.2,0.01,0.05,0.05,0.01,0.05
Takefusa Kubo,FW,Japan,21,2001,2,2,90,1,0,0,0,0,0,0,0,0,0,0,0,0,0,0,0,0,0,0,0,0,0
Pierre Kunde,MF,Cameroon,26,1995,2,2,131,1.5,0,0,0,0,0,1,0,0,0,0,0,0,0.2,0.2,0.1,0.3,0.15,0.05,0.2,0.15,0.2
Garang Kuol,"FW,MF",Australia,17,2004,2,0,37,0.4,0,0,0,0,0,0,0,0,0,0,0,0,0.4,0.4,0,0.4,0.92,0,0.92,0.92,0.92
Daniel Kyereh,"MF,DF",Ghana,26,1996,3,0,33,0.4,0,0,0,0,0,0,0,0,0,0,0,0,0,0,0,0,0,0,0,0,0
Kwon Kyung-won,DF,Korea Republic,30,1992,2,1,91,1,0,0,0,0,0,0,0,0,0,0,0,0,0,0,0,0,0.02,0,0.02,0.02,0.02
Aïssa Laïdouni,MF,Tunisia,25,1996,3,3,243,2.7,0,1,0,0,0,1,0,0,0.37,0.37,0,0.37,0.1,0.1,0.4,0.6,0.05,0.16,0.21,0.05,0.21
Tariq Lamptey,DF,Ghana,21,2000,2,1,102,1.1,0,0,0,0,0,1,0,0,0,0,0,0,0.1,0.1,0,0.1,0.06,0,0.06,0.06,0.06
Noa Lang,MF,Netherlands,22,1999,1,0,8,0.1,0,0,0,0,0,1,0,0,0,0,0,0,0,0,0,0,,,,,
Aymeric Laporte,DF,Spain,28,1994,3,3,300,3.3,0,0,0,0,0,1,0,0,0,0,0,0,0,0,0,0.1,0.01,0.01,0.02,0.01,0.02
Cyle Larin,FW,Canada,27,1995,3,2,137,1.5,0,0,0,0,0,0,0,0,0,0,0,0,0.2,0.2,0.5,0.7,0.16,0.34,0.49,0.16,0.49
Richie Laryea,"DF,MF",Canada,27,1995,3,2,160,1.8,0,0,0,0,0,0,0,0,0,0,0,0,0.1,0.1,0.5,0.6,0.04,0.3,0.34,0.04,0.34
Darko Lazovi?,DF,Serbia,31,1990,1,0,25,0.3,0,0,0,0,0,0,0,0,0,0,0,0,0,0,0,0,0.05,0,0.05,0.05,0.05
Rafael Leão,FW,Portugal,23,1999,5,0,88,1,2,0,2,0,0,0,0,2.05,0,2.05,2.05,2.05,0.4,0.4,0.2,0.6,0.42,0.16,0.57,0.42,0.57
Mathew Leckie,"MF,FW",Australia,31,1991,4,4,333,3.7,1,1,1,0,0,0,0,0.27,0.27,0.54,0.27,0.54,0.1,0.1,0.3,0.5,0.04,0.08,0.12,0.04,0.12
Robert Lewandowski,FW,Poland,33,1988,4,4,360,4,2,1,1,1,2,0,0,0.5,0.25,0.75,0.25,0.5,2.9,1.4,0.4,1.8,0.73,0.1,0.83,0.34,0.44
Matthijs de Ligt,DF,Netherlands,22,1999,2,1,91,1,0,0,0,0,0,1,0,0,0,0,0,0,0,0,0,0,0,0,0,0,0
Jesper Lindstrøm,"MF,FW",Denmark,22,2000,3,2,200,2.2,0,0,0,0,0,0,0,0,0,0,0,0,0.3,0.3,0,0.3,0.14,0,0.14,0.14,0.14
Marko Livaja,FW,Croatia,28,1993,6,3,241,2.7,1,1,1,0,0,0,0,0.37,0.37,0.75,0.37,0.75,0.8,0.8,0.1,0.9,0.31,0.03,0.34,0.31,0.34
Dominik Livakovi?,GK,Croatia,27,1995,7,7,690,7.7,0,0,0,0,0,1,0,0,0,0,0,0,0,0,0,0,0,0,0,0,0
Marcos Llorente,DF,Spain,27,1995,1,1,120,1.3,0,0,0,0,0,0,0,0,0,0,0,0,0,0,0,0,0.02,0,0.02,0.02,0.02
Hugo Lloris,GK,France,35,1986,6,6,570,6.3,0,0,0,0,0,0,0,0,0,0,0,0,0,0,0,0,0,0,0,0,0
Dejan Lovren,DF,Croatia,32,1989,6,6,600,6.7,0,1,0,0,0,1,0,0,0.15,0.15,0,0.15,0.3,0.3,0,0.3,0.04,0.01,0.05,0.04,0.05
Hirving Lozano,FW,Mexico,26,1995,3,3,252,2.8,0,0,0,0,0,0,0,0,0,0,0,0,0.2,0.2,1,1.2,0.07,0.36,0.42,0.07,0.42
Romelu Lukaku,FW,Belgium,29,1993,2,0,55,0.6,0,0,0,0,0,0,0,0,0,0,0,0,1.7,1.7,0,1.8,2.84,0.06,2.9,2.84,2.9
Saša Luki?,MF,Serbia,25,1996,3,3,245,2.7,0,0,0,0,0,2,0,0,0,0,0,0,0.1,0.1,0,0.1,0.02,0,0.02,0.02,0.02
Ali Maâloul,DF,Tunisia,32,1990,1,1,90,1,0,0,0,0,0,0,0,0,0,0,0,0,0,0,0,0,0,0,0,0,0
Awer Mabil,MF,Australia,26,1995,2,0,24,0.3,0,0,0,0,0,0,0,0,0,0,0,0,0,0,0,0,0,0,0,0,0
Alexis Mac Allister,MF,Argentina,23,1998,6,6,550,6.1,1,1,1,0,0,0,0,0.16,0.16,0.33,0.16,0.33,0.7,0.7,1,1.7,0.12,0.18,0.3,0.12,0.3
Jamie Maclaren,FW,Australia,28,1993,3,0,55,0.6,0,0,0,0,0,0,0,0,0,0,0,0,0,0,0,0,0,0.08,0.08,0,0.08
Assim Madibo,MF,Qatar,25,1996,2,2,153,1.7,0,0,0,0,0,1,0,0,0,0,0,0,0,0,0,0,0,0.02,0.02,0,0.02
Abdullah Madu,"DF,MF",Saudi Arabia,28,1993,1,0,45,0.5,0,0,0,0,0,1,0,0,0,0,0,0,0,0,0,0,0,0,0,0,0
Daizen Maeda,FW,Japan,24,1997,3,3,180,2,1,0,1,0,0,0,0,0.5,0,0.5,0.5,0.5,0.5,0.5,0,0.5,0.24,0,0.24,0.24,0.24
Harry Maguire,DF,England,29,1993,5,5,429,4.8,0,1,0,0,0,1,0,0,0.21,0.21,0,0.21,0.4,0.4,0,0.4,0.08,0.01,0.09,0.08,0.09
Lovro Majer,"MF,FW",Croatia,24,1998,7,1,130,1.4,1,0,1,0,0,0,0,0.69,0,0.69,0.69,0.69,0.7,0.7,0.1,0.8,0.67,0.07,0.74,0.67,0.74
Nemanja Maksimovi?,MF,Serbia,27,1995,3,1,122,1.4,0,0,0,0,0,0,0,0,0,0,0,0,0,0,0.1,0.1,0,0.07,0.07,0,0.07
Abdulellah Al-Malki,MF,Saudi Arabia,27,1994,2,2,174,1.9,0,0,0,0,0,2,0,0,0,0,0,0,0.1,0.1,0,0.1,0.06,0,0.06,0.06,0.06
Steve Mandanda,GK,France,37,1985,1,1,90,1,0,0,0,0,0,0,0,0,0,0,0,0,0,0,0,0,0,0,0,0,0
José María Giménez,DF,Uruguay,27,1995,3,3,270,3,0,0,0,0,0,1,0,0,0,0,0,0,0.2,0.2,0,0.2,0.06,0,0.06,0.06,0.06
João Mário,"FW,MF",Portugal,29,1993,2,1,84,0.9,0,0,0,0,0,0,0,0,0,0,0,0,0,0,0,0,0,0,0,0,0
Marquinhos,DF,Brazil,28,1994,5,4,426,4.7,0,0,0,0,0,1,0,0,0,0,0,0,0.2,0.2,0.8,0.9,0.04,0.17,0.21,0.04,0.21
Henry Martín,FW,Mexico,29,1992,2,2,146,1.6,1,0,1,0,0,0,0,0.62,0,0.62,0.62,0.62,0.9,0.9,0.2,1.1,0.57,0.13,0.7,0.57,0.7
Martinelli,FW,Brazil,20,2001,3,1,113,1.3,0,0,0,0,0,0,0,0,0,0,0,0,0.5,0.5,0.2,0.7,0.42,0.14,0.56,0.42,0.56
Carlos Martínez,DF,Costa Rica,23,1999,1,1,45,0.5,0,0,0,0,0,0,0,0,0,0,0,0,0,0,0,0,0,0,0,0,0
Emiliano Martínez,GK,Argentina,29,1992,7,7,690,7.7,0,0,0,0,0,1,0,0,0,0,0,0,0,0,0,0,0,0,0,0,0
Lautaro Martínez,FW,Argentina,24,1997,6,2,241,2.7,0,0,0,0,0,0,0,0,0,0,0,0,1.8,1.8,0,1.9,0.86,0.02,0.87,0.86,0.87
Lisandro Martínez,DF,Argentina,24,1998,5,2,303,3.4,0,0,0,0,0,1,0,0,0,0,0,0,0.1,0.1,0.7,0.8,0.04,0.21,0.25,0.04,0.25
Pape Matar Sarr,MF,Senegal,19,2002,2,0,59,0.7,0,0,0,0,0,0,0,0,0,0,0,0,0.1,0.1,0,0.2,0.18,0.05,0.23,0.18,0.23
Rónald Matarrita,"DF,MF",Costa Rica,27,1994,2,0,26,0.3,0,0,0,0,0,0,0,0,0,0,0,0,0,0,0,0,0,0,0,0,0
Eric Maxim Choupo-Moting,"FW,MF",Cameroon,33,1989,3,3,253,2.8,1,0,1,0,0,0,0,0.36,0,0.36,0.36,0.36,0.8,0.8,0,0.9,0.29,0.02,0.31,0.29,0.31
Noussair Mazraoui,DF,Morocco,24,1997,5,5,365,4.1,0,0,0,0,0,0,0,0,0,0,0,0,0.2,0.2,0,0.2,0.04,0.01,0.04,0.04,0.04
Kylian Mbappé,FW,France,23,1998,7,6,598,6.6,8,2,6,2,2,0,0,1.2,0.3,1.51,0.9,1.2,5.2,3.6,1.3,5,0.82,0.21,1.03,0.57,0.79
Bryan Mbeumo,"FW,MF",Cameroon,22,1999,3,3,233,2.6,0,0,0,0,0,0,0,0,0,0,0,0,0.2,0.2,0.3,0.5,0.08,0.11,0.19,0.08,0.19
Riley McGree,"FW,MF",Australia,23,1998,4,4,265,2.9,0,1,0,0,0,0,0,0,0.34,0.34,0,0.34,0.1,0.1,0.6,0.8,0.05,0.22,0.27,0.05,0.27
Weston McKennie,MF,USA,23,1998,4,4,271,3,0,0,0,0,0,1,0,0,0,0,0,0,0.4,0.4,0.4,0.8,0.13,0.13,0.27,0.13,0.27
Hannibal Mejbri,MF,Tunisia,19,2003,1,0,11,0.1,0,0,0,0,0,0,0,0,0,0,0,0,0,0,0,0,0,0,0,0,0
Memphis,FW,Netherlands,28,1994,5,3,297,3.3,1,0,1,0,0,1,0,0.3,0,0.3,0.3,0.3,1.5,1.5,0.5,2,0.44,0.16,0.61,0.44,0.61
Nuno Mendes,DF,Portugal,19,2002,1,1,41,0.5,0,0,0,0,0,0,0,0,0,0,0,0,0,0,0,0,0,0.04,0.04,0,0.04
Jhegson Méndez,MF,Ecuador,25,1997,2,2,180,2,0,0,0,0,0,2,0,0,0,0,0,0,0,0,0.1,0.1,0,0.07,0.07,0,0.07
Edouard Mendy,GK,Senegal,30,1992,4,4,360,4,0,0,0,0,0,0,0,0,0,0,0,0,0,0,0,0,0,0.01,0.01,0,0.01
Nampalys Mendy,MF,Senegal,29,1992,4,3,272,3,0,0,0,0,0,1,0,0,0,0,0,0,0.1,0.1,0,0.1,0.02,0.01,0.03,0.02,0.03
Gideon Mensah,DF,Ghana,23,1998,1,1,87,1,0,1,0,0,0,0,0,0,1.03,1.03,0,1.03,0,0,0.3,0.3,0,0.28,0.28,0,0.28
Chris Mepham,DF,Wales,24,1997,3,3,270,3,0,0,0,0,0,1,0,0,0,0,0,0,0,0,0.2,0.2,0,0.07,0.07,0,0.07
Yassine Meriah,DF,Tunisia,28,1993,3,3,270,3,0,0,0,0,0,0,0,0,0,0,0,0,0.1,0.1,0,0.1,0.02,0.01,0.04,0.02,0.04
Dries Mertens,"MF,FW",Belgium,35,1987,2,1,76,0.8,0,0,0,0,0,0,0,0,0,0,0,0,0.8,0.8,0.1,0.9,0.94,0.17,1.11,0.94,1.11
Lionel Messi,FW,Argentina,34,1987,7,7,690,7.7,7,3,3,4,5,1,0,0.91,0.39,1.3,0.39,0.78,6.6,2.6,2.5,5.1,0.94,0.36,1.3,0.38,0.74
Thomas Meunier,DF,Belgium,30,1991,3,2,211,2.3,0,0,0,0,0,1,0,0,0,0,0,0,0.2,0.2,0.5,0.7,0.09,0.21,0.3,0.09,0.3
Nikola Milenkovi?,DF,Serbia,24,1997,3,3,270,3,0,0,0,0,0,2,0,0,0,0,0,0,0.2,0.2,0,0.2,0.06,0,0.06,0.06,0.06
Arkadiusz Milik,"FW,MF",Poland,28,1994,3,1,101,1.1,0,0,0,0,0,1,0,0,0,0,0,0,0.2,0.2,0.1,0.3,0.22,0.09,0.31,0.22,0.31
Sergej Milinkovi?-Savi?,MF,Serbia,27,1995,3,3,233,2.6,1,0,1,0,0,1,0,0.39,0,0.39,0.39,0.39,0.2,0.2,0,0.2,0.07,0,0.07,0.07,0.07
Vanja Milinkovi?-Savi?,GK,Serbia,25,1997,3,3,270,3,0,0,0,0,0,0,0,0,0,0,0,0,0,0,0,0,0,0,0,0,0
Éder Militão,DF,Brazil,24,1998,4,4,347,3.9,0,0,0,0,0,1,0,0,0,0,0,0,0.2,0.2,0,0.2,0.05,0.01,0.05,0.05,0.05
Liam Millar,DF,Canada,22,1999,1,0,10,0.1,0,0,0,0,0,0,0,0,0,0,0,0,0,0,0,0,0,0,0,0,0
Kamal Miller,DF,Canada,25,1997,3,3,270,3,0,0,0,0,0,1,0,0,0,0,0,0,0,0,0,0,0,0,0,0,0
Kim Min-jae,DF,Korea Republic,25,1996,3,3,269,3,0,0,0,0,0,0,0,0,0,0,0,0,0.1,0.1,0,0.1,0.03,0,0.03,0.03,0.03
Takumi Minamino,FW,Japan,27,1995,3,0,60,0.7,0,0,0,0,0,0,0,0,0,0,0,0,0.1,0.1,0,0.1,0.36,0,0.36,0.36,0.36
Kaoru Mitoma,MF,Japan,25,1997,4,0,165,1.8,0,1,0,0,0,0,0,0,0.55,0.55,0,0.55,0.1,0.1,1.2,1.3,0.05,0.83,0.88,0.05,0.88
Aleksandar Mitrovi?,FW,Serbia,27,1994,3,3,262,2.9,2,0,2,0,0,1,0,0.69,0,0.69,0.69,0.69,1.6,1.6,0.7,2.4,0.57,0.24,0.81,0.57,0.81
Stefan Mitrovi?,DF,Serbia,32,1990,1,0,35,0.4,0,0,0,0,0,0,0,0,0,0,0,0,0,0,0,0,0,0,0,0,0
Filip Mladenovi?,DF,Serbia,30,1991,1,1,65,0.7,0,0,0,0,0,0,0,0,0,0,0,0,0,0,0,0,0.03,0,0.03,0.03,0.03
Luka Modri?,MF,Croatia,36,1985,7,7,653,7.3,0,0,0,0,0,1,0,0,0,0,0,0,0.4,0.4,0.7,1.1,0.06,0.11,0.16,0.06,0.16
Ismail Mohamad,FW,Qatar,32,1990,2,2,174,1.9,0,1,0,0,0,1,0,0,0.52,0.52,0,0.52,,,,,,,,,
Milad Mohammadi,DF,Iran,28,1993,3,3,196,2.2,0,0,0,0,0,0,0,0,0,0,0,0,0,0,0,0,0,0,0,0,0
Kudus Mohammed,"FW,MF",Ghana,21,2000,3,3,247,2.7,2,0,2,0,0,1,0,0.73,0,0.73,0.73,0.73,0.8,0.8,0,0.8,0.3,0,0.3,0.3,0.3
Sadegh Moharrami,DF,Iran,26,1996,1,1,90,1,0,0,0,0,0,0,0,0,0,0,0,0,0,0,0,0,0,0,0,0,0
Nahuel Molina,DF,Argentina,24,1998,7,6,567,6.3,1,1,1,0,0,0,0,0.16,0.16,0.32,0.16,0.32,0.5,0.5,0.3,0.8,0.07,0.05,0.12,0.07,0.12
César Montes,DF,Mexico,25,1997,3,3,270,3,0,1,0,0,0,0,0,0,0.33,0.33,0,0.33,0.2,0.2,0.5,0.7,0.06,0.17,0.23,0.06,0.23
Gonzalo Montiel,"DF,MF",Argentina,25,1997,4,1,118,1.3,0,0,0,0,0,3,0,0,0,0,0,0,0,0,0.3,0.4,0.02,0.42,0.44,0.02,0.44
Kim Moonhwan,DF,Korea Republic,26,1995,4,4,360,4,0,0,0,0,0,0,0,0,0,0,0,0,0,0,0.6,0.6,0,0.15,0.15,0,0.15
Kieffer Moore,FW,Wales,29,1992,3,2,225,2.5,0,0,0,0,0,0,0,0,0,0,0,0,1,1,0.2,1.3,0.41,0.1,0.51,0.41,0.51
Shaquell Moore,DF,USA,25,1996,2,0,22,0.2,0,0,0,0,0,0,0,0,0,0,0,0,0,0,0,0,0,0,0,0,0
Aaron Mooy,MF,Australia,31,1990,4,4,360,4,0,0,0,0,0,1,0,0,0,0,0,0,0,0,0.1,0.1,0.01,0.02,0.03,0.01,0.03
Álvaro Morata,FW,Spain,29,1992,4,1,185,2.1,3,1,3,0,0,0,0,1.46,0.49,1.95,1.46,1.95,1.4,1.4,0.2,1.6,0.79,0.14,0.93,0.79,0.93
Héctor Moreno,DF,Mexico,34,1988,3,3,270,3,0,0,0,0,0,1,0,0,0,0,0,0,0.2,0.2,0,0.2,0.06,0.01,0.07,0.06,0.07
Hidemasa Morita,MF,Japan,27,1995,3,3,285,3.2,0,0,0,0,0,0,0,0,0,0,0,0,0.2,0.2,0.1,0.2,0.05,0.03,0.08,0.05,0.08
Joe Morrell,MF,Wales,25,1997,2,0,33,0.4,0,0,0,0,0,0,0,0,0,0,0,0,0,0,0,0,0,0,0,0,0
Jordan Morris,"FW,DF",USA,27,1994,2,0,4,0,0,0,0,0,0,0,0,0,0,0,0,0,0,0,0,0,0,0,0,0,0
Youssoufa Moukoko,FW,Germany,17,2004,1,0,1,0,0,0,0,0,0,0,0,0,0,0,0,0,0,0,0,0,0,0,0,0,0
Mason Mount,MF, England,23,1999,4,2,186,2.1,0,0,0,0,0,0,0,0,0,0,0,0,0.2,0.2,0,0.2,0.1,0.02,0.12,0.1,0.12
Youssef Msakni,"MF,FW",Tunisia,31,1990,2,2,169,1.9,0,0,0,0,0,0,0,0,0,0,0,0,0.5,0.5,0.6,1.2,0.29,0.34,0.62,0.29,0.62
Thomas Müller,"FW,MF",Germany,32,1989,3,3,201,2.2,0,0,0,0,0,0,0,0,0,0,0,0,0.3,0.3,0.6,0.9,0.14,0.28,0.42,0.14,0.42
Munir,GK,Morocco,33,1989,1,1,90,1,0,0,0,0,0,0,0,0,0,0,0,0,0,0,0,0,0,0,0,0,0
Mohammed Muntari,"FW,MF",Qatar,28,1993,3,0,63,0.7,1,0,1,0,0,0,0,1.43,0,1.43,1.43,1.43,0.2,0.2,0,0.2,0.3,0.03,0.33,0.3,0.33
Yunus Musah,MF,USA,19,2002,4,4,343,3.8,0,0,0,0,0,0,0,0,0,0,0,0,0.3,0.3,0.1,0.4,0.08,0.02,0.11,0.08,0.11
Jamal Musiala,"MF,FW",Germany,19,2003,3,3,258,2.9,0,1,0,0,0,0,0,0,0.35,0.35,0,0.35,1.9,1.9,0.9,2.8,0.67,0.3,0.97,0.67,0.97
Joakim Mæhle,DF,Denmark,25,1997,3,3,249,2.8,0,0,0,0,0,0,0,0,0,0,0,0,0,0,0,0.1,0.01,0.01,0.03,0.01,0.03
Georges-Kévin N'Koudou,"FW,MF",Cameroon,27,1995,2,0,27,0.3,0,0,0,0,0,0,0,0,0,0,0,0,0,0,0,0,0.13,0,0.13,0.13,0.13
Yuto Nagatomo,"MF,DF",Japan,35,1986,4,4,209,2.3,0,0,0,0,0,0,0,0,0,0,0,0,0,0,0.1,0.1,0,0.05,0.05,0,0.05
Sami Al-Najei,MF,Saudi Arabia,25,1997,1,1,45,0.5,0,0,0,0,0,0,0,0,0,0,0,0,0,0,0,0,0,0,0,0,0
Keylor Navas,GK,Costa Rica,35,1986,3,3,270,3,0,0,0,0,0,0,0,0,0,0,0,0,0,0,0,0,0,0,0,0,0
Iliman Ndiaye,"FW,MF",Senegal,22,2000,3,2,135,1.5,0,1,0,0,0,0,0,0,0.67,0.67,0,0.67,0.1,0.1,0.2,0.3,0.09,0.14,0.22,0.09,0.22
Victor Nelsson,DF,Denmark,23,1998,1,1,90,1,0,0,0,0,0,0,0,0,0,0,0,0,0,0,0,0,0,0,0,0,0
Manuel Neuer,GK,Germany,36,1986,3,3,270,3,0,0,0,0,0,0,0,0,0,0,0,0,0,0,0,0,0,0,0,0,0
Rúben Neves,MF,Portugal,25,1997,5,4,268,3,0,0,0,0,0,1,0,0,0,0,0,0,0.1,0.1,0,0.1,0.03,0.01,0.04,0.03,0.04
Neymar,MF,Brazil,30,1992,3,3,279,3.1,2,0,1,1,1,0,0,0.65,0,0.65,0.32,0.32,2.7,1.9,0.8,2.7,0.98,0.29,1.27,0.7,0.98
Moumi Ngamaleu,"FW,MF",Cameroon,27,1994,2,1,95,1.1,0,0,0,0,0,0,0,0,0,0,0,0,0,0,0.2,0.2,0,0.15,0.15,0,0.15
Jerome Ngom Mbekeli,MF,Cameroon,23,1998,1,0,5,0.1,0,0,0,0,0,0,0,0,0,0,0,0,0,0,0.1,0.1,0,2.23,2.23,0,2.23
Rasmus Nissen,DF,Denmark,24,1997,3,3,224,2.5,0,0,0,0,0,1,0,0,0,0,0,0,0,0,0,0,0,0.01,0.01,0,0.01
Nicolas Nkoulou,DF,Cameroon,32,1990,2,2,180,2,0,1,0,0,0,1,0,0,0.5,0.5,0,0.5,0.3,0.3,0,0.3,0.14,0,0.14,0.14,0.14
Andries Noppert,GK,Netherlands,28,1994,5,5,480,5.3,0,0,0,0,0,0,0,0,0,0,0,0,0,0,0,0,0,0,0,0,0
Ahmad Nourollahi,MF,Iran,29,1993,3,3,223,2.5,0,0,0,0,0,0,0,0,0,0,0,0,0.1,0.1,0,0.1,0.04,0,0.04,0.04,0.04
Olivier Ntcham,MF,Cameroon,26,1996,1,0,25,0.3,0,0,0,0,0,0,0,0,0,0,0,0,0,0,0,0.1,0.16,0.09,0.25,0.16,0.25
Matheus Nunes,MF,Portugal,23,1998,2,1,73,0.8,0,0,0,0,0,0,0,0,0,0,0,0,0,0,0.1,0.1,0.03,0.12,0.14,0.03,0.14
Darwin Núñez,FW,Uruguay,22,1999,3,3,240,2.7,0,0,0,0,0,1,0,0,0,0,0,0,0.4,0.4,0.2,0.6,0.14,0.09,0.23,0.14,0.23
Christian Nørgaard,MF,Denmark,28,1994,1,0,6,0.1,0,0,0,0,0,0,0,0,0,0,0,0,0,0,0,0,0,0,0,0,0
Guillermo Ochoa,GK,Mexico,36,1985,3,3,270,3,0,0,0,0,0,0,0,0,0,0,0,0,0,0,0,0,0,0,0,0,0
Denis Odoi,DF,Ghana,34,1988,1,0,13,0.1,0,0,0,0,0,0,0,0,0,0,0,0,0,0,0,0,0,0,0,0,0
Noah Okafor,"FW,MF",Switzerland,22,2000,3,0,45,0.5,0,0,0,0,0,0,0,0,0,0,0,0,0,0,0,0.1,0.05,0.09,0.14,0.05,0.14
Mathías Olivera,DF,Uruguay,24,1997,3,3,253,2.8,0,0,0,0,0,1,0,0,0,0,0,0,0.1,0.1,0.4,0.5,0.03,0.15,0.18,0.03,0.18
Dani Olmo,FW,Spain,24,1998,4,4,367,4.1,1,1,1,0,0,0,0,0.25,0.25,0.49,0.25,0.49,1.4,1.4,0.5,1.9,0.34,0.11,0.46,0.34,0.46
Amadou Onana,MF,Belgium,20,2001,2,1,104,1.2,0,0,0,0,0,2,0,0,0,0,0,0,0.5,0.5,0,0.5,0.4,0,0.4,0.4,0.4
André Onana,GK,Cameroon,26,1996,1,1,80,0.9,0,0,0,0,0,0,0,0,0,0,0,0,0,0,0,0,0,0,0,0,0
Gaël Ondoua,MF,Cameroon,26,1995,2,0,47,0.5,0,0,0,0,0,0,0,0,0,0,0,0,0,0,0,0,0,0,0,0,0
Loïs Openda,FW,Belgium,22,2000,1,0,13,0.1,0,0,0,0,0,0,0,0,0,0,0,0,0,0,0,0,0,0,0,0,0
Mislav Orši?,FW,Croatia,29,1992,6,1,162,1.8,1,2,1,0,0,0,0,0.56,1.11,1.67,0.56,1.67,0.4,0.4,1.1,1.4,0.23,0.68,0.9,0.23,0.9
Jonathan Osorio,"MF,FW",Canada,30,1992,3,1,119,1.3,0,0,0,0,0,1,0,0,0,0,0,0,0.1,0.1,0,0.1,0.05,0,0.05,0.05,0.05
Nicolás Otamendi,DF,Argentina,34,1988,7,7,690,7.7,0,1,0,0,0,2,0,0,0.13,0.13,0,0.13,0,0,0.2,0.2,0,0.02,0.03,0,0.03
Otávio,MF,Portugal,27,1995,3,3,196,2.2,0,0,0,0,0,0,0,0,0,0,0,0,0.1,0.1,0.4,0.5,0.05,0.17,0.23,0.05,0.23
Samuel Oum Gouet,MF,Cameroon,24,1997,2,1,100,1.1,0,0,0,0,0,0,0,0,0,0,0,0,0,0,0,0,0,0,0,0,0
Azzedine Ounahi,MF,Morocco,22,2000,7,6,568,6.3,0,0,0,0,0,1,0,0,0,0,0,0,0.3,0.3,0.5,0.8,0.05,0.08,0.13,0.05,0.13
Bryan Oviedo,DF,Costa Rica,32,1990,3,3,260,2.9,0,0,0,0,0,0,0,0,0,0,0,0,0,0,0,0,0,0,0,0,0
Mohammed Al-Owais,GK,Saudi Arabia,30,1991,3,3,270,3,0,0,0,0,0,1,0,0,0,0,0,0,0,0,0,0,0,0,0,0,0
Juan Pablo Vargas,DF,Costa Rica,27,1995,1,1,90,1,1,0,1,0,0,0,0,1,0,1,1,1,0.5,0.5,0,0.5,0.46,0,0.46,0.46,0.46
Exequiel Palacios,"MF,DF",Argentina,23,1998,3,0,50,0.6,0,0,0,0,0,0,0,0,0,0,0,0,0.1,0.1,0.1,0.1,0.12,0.12,0.24,0.12,0.24
João Palhinha,MF,Portugal,26,1995,3,0,38,0.4,0,0,0,0,0,0,0,0,0,0,0,0,0,0,0.1,0.2,0.06,0.3,0.36,0.06,0.36
Lucas Paquetá,MF,Brazil,24,1997,4,4,314,3.5,1,1,1,0,0,0,0,0.29,0.29,0.57,0.29,0.57,0.8,0.8,1.5,2.3,0.24,0.43,0.67,0.24,0.67
Leandro Paredes,MF,Argentina,27,1994,5,2,225,2.5,0,0,0,0,0,2,0,0,0,0,0,0,0,0,0,0.1,0.01,0.02,0.03,0.01,0.03
Thomas Partey,MF,Ghana,29,1993,3,3,270,3,0,0,0,0,0,0,0,0,0,0,0,0,0.2,0.2,0.1,0.3,0.07,0.02,0.09,0.07,0.09
Mario Pašali?,"FW,MF",Croatia,27,1995,7,2,271,3,0,0,0,0,0,0,0,0,0,0,0,0,0.3,0.3,0.2,0.5,0.1,0.07,0.17,0.1,0.17
Benjamin Pavard,DF,France,26,1996,1,1,88,1,0,0,0,0,0,0,0,0,0,0,0,0,0,0,0,0,0,0,0,0,0
Strahinja Pavlovi?,DF,Serbia,21,2001,3,3,235,2.6,1,0,1,0,0,2,0,0.38,0,0.38,0.38,0.38,0.2,0.2,0,0.2,0.07,0,0.07,0.07,0.07
Pedri,MF,Spain,19,2002,4,4,356,4,0,0,0,0,0,0,0,0,0,0,0,0,0,0,0.8,0.8,0,0.22,0.22,0,0.22
Pedro,FW,Brazil,24,1997,2,0,64,0.7,0,0,0,0,0,0,0,0,0,0,0,0,0.5,0.5,0,0.5,1.39,0,1.39,1.39,1.39
Facundo Pellistri,"MF,FW",Uruguay,20,2001,3,2,181,2,0,0,0,0,0,0,0,0,0,0,0,0,0.2,0.2,0.2,0.4,0.08,0.09,0.17,0.08,0.17
Pepe,DF,Portugal,39,1983,4,4,360,4,1,0,1,0,0,0,0,0.25,0,0.25,0.25,0.25,0.4,0.4,0,0.4,0.11,0,0.11,0.11,0.11
Danilo Pereira,DF,Portugal,30,1991,1,1,90,1,0,0,0,0,0,1,0,0,0,0,0,0,0,0,0,0,0,0,0,0,0
Ivan Periši?,"FW,DF",Croatia,33,1989,7,7,669,7.4,1,3,1,0,0,0,0,0.13,0.4,0.54,0.13,0.54,0.9,0.9,0.9,1.8,0.13,0.12,0.25,0.13,0.25
Bruno Petkovi?,FW,Croatia,27,1994,6,1,234,2.6,1,0,1,0,0,1,0,0.38,0,0.38,0.38,0.38,0.1,0.1,0.3,0.5,0.05,0.15,0.2,0.05,0.2
Germán Pezzella,DF,Argentina,30,1991,3,0,60,0.7,0,0,0,0,0,1,0,0,0,0,0,0,0.1,0.1,0,0.1,0.24,0,0.24,0.24,0.24
Kalvin Phillips,MF,England,26,1995,2,0,42,0.5,0,1,0,0,0,0,0,0,2.14,2.14,0,2.14,0,0,0.1,0.1,0,0.17,0.17,0,0.17
Krzysztof Pi?tek,FW,Poland,26,1995,2,0,28,0.3,0,0,0,0,0,0,0,0,0,0,0,0,0,0,0,0,0.09,0,0.09,0.09,0.09
Jordan Pickford,GK,England,28,1994,5,5,450,5,0,0,0,0,0,0,0,0,0,0,0,0,0,0,0,0,0,0,0,0,0
Orbelín Pineda,MF,Mexico,26,1996,1,1,76,0.8,0,0,0,0,0,0,0,0,0,0,0,0,0.3,0.3,0.1,0.4,0.38,0.07,0.45,0.38,0.45
Gonzalo Plata,"MF,FW",Ecuador,21,2000,3,3,269,3,0,0,0,0,0,0,0,0,0,0,0,0,0.1,0.1,0.2,0.3,0.05,0.06,0.11,0.05,0.11
Jackson Porozo,DF,Ecuador,21,2000,2,1,96,1.1,0,0,0,0,0,0,0,0,0,0,0,0,0.1,0.1,0,0.1,0.05,0,0.05,0.05,0.05
Morteza Pouraliganji,DF,Iran,30,1992,3,3,270,3,0,0,0,0,0,1,0,0,0,0,0,0,0.1,0.1,0.2,0.3,0.03,0.07,0.09,0.03,0.09
Ángelo Preciado,DF,Ecuador,24,1998,3,3,264,2.9,0,1,0,0,0,0,0,0,0.34,0.34,0,0.34,0.1,0.1,0.4,0.5,0.02,0.14,0.17,0.02,0.17
Christian Pulisic,"FW,MF",USA,23,1998,4,4,315,3.5,1,2,1,0,0,0,0,0.29,0.57,0.86,0.29,0.86,1.1,1.1,0.9,2,0.3,0.26,0.56,0.3,0.56
Adrien Rabiot,MF,France,27,1995,6,5,483,5.4,1,1,1,0,0,1,0,0.19,0.19,0.37,0.19,0.37,1.1,1.1,0.9,1.9,0.2,0.16,0.36,0.2,0.36
Nemanja Radonji?,"DF,FW",Serbia,26,1996,3,0,60,0.7,0,0,0,0,0,0,0,0,0,0,0,0,0.1,0.1,0,0.1,0.15,0.05,0.19,0.15,0.19
Baba Rahman,DF,Ghana,27,1994,3,2,183,2,0,0,0,0,0,0,0,0,0,0,0,0,0,0,0.3,0.3,0,0.15,0.15,0,0.15
Gonçalo Ramos,"FW,MF",Portugal,20,2001,4,2,152,1.7,3,1,3,0,0,0,0,1.78,0.59,2.37,1.78,2.37,1.6,1.6,0.4,1.9,0.93,0.21,1.13,0.93,1.13
Aaron Ramsey,MF,Wales,31,1990,3,3,266,3,0,0,0,0,0,1,0,0,0,0,0,0,0,0,0,0.1,0.01,0.01,0.02,0.01,0.02
Raphinha,FW,Brazil,25,1996,5,4,315,3.5,0,1,0,0,0,0,0,0,0.29,0.29,0,0.29,1.2,1.2,1.3,2.5,0.35,0.38,0.72,0.35,0.72
Marcus Rashford,FW,England,24,1997,5,1,140,1.6,3,0,3,0,0,0,0,1.93,0,1.93,1.93,1.93,1.6,1.6,0,1.6,1.03,0,1.03,1.03,1.03
David Raum,DF,Germany,24,1998,3,3,242,2.7,0,1,0,0,0,0,0,0,0.37,0.37,0,0.37,0,0,0.6,0.6,0,0.22,0.22,0,0.22
Bassam Al-Rawi,DF,Qatar,24,1997,1,1,90,1,0,0,0,0,0,0,0,0,0,0,0,0,0,0,0,0,0,0.03,0.03,0,0.03
Tim Ream,DF,USA,34,1987,4,4,360,4,0,0,0,0,0,1,0,0,0,0,0,0,0.3,0.3,0,0.3,0.07,0,0.07,0.07,0.07
Djorkaeff Reasco,FW,Ecuador,23,1999,1,0,27,0.3,0,0,0,0,0,0,0,0,0,0,0,0,0,0,0,0,0,0,0,0,0
Gio Reyna,FW,USA,19,2002,2,0,53,0.6,0,0,0,0,0,0,0,0,0,0,0,0,0.1,0.1,0.2,0.2,0.1,0.28,0.38,0.1,0.38
Ramin Rezaeian,DF,Iran,32,1990,2,2,180,2,1,0,1,0,0,1,0,0.5,0,0.5,0.5,0.5,0.3,0.3,0.3,0.5,0.13,0.14,0.27,0.13,0.27
Everton Ribeiro,MF,Brazil,33,1989,1,0,36,0.4,0,0,0,0,0,0,0,0,0,0,0,0,0,0,0.1,0.1,0,0.21,0.21,0,0.21
Declan Rice,MF,England,23,1999,5,5,417,4.6,0,0,0,0,0,0,0,0,0,0,0,0,0,0,0,0,0,0.01,0.01,0,0.01
Richarlison,FW,Brazil,25,1997,4,4,323,3.6,3,0,3,0,0,0,0,0.84,0,0.84,0.84,0.84,2.1,2.1,1,3.1,0.59,0.27,0.86,0.59,0.86
Fabian Rieder,FW,Switzerland,20,2002,2,1,68,0.8,0,0,0,0,0,1,0,0,0,0,0,0,0,0,0.2,0.2,0,0.25,0.25,0,0.25
Ró-Ró,DF,Qatar,31,1990,3,3,262,2.9,0,0,0,0,0,0,0,0,0,0,0,0,0.1,0.1,0,0.1,0.02,0,0.02,0.02,0.02
Connor Roberts,DF,Wales,26,1995,3,2,200,2.2,0,0,0,0,0,0,0,0,0,0,0,0,0,0,0.4,0.4,0,0.16,0.16,0,0.16
Antonee Robinson,DF,USA,24,1997,4,4,359,4,0,0,0,0,0,0,0,0,0,0,0,0,0,0,0.3,0.3,0,0.07,0.07,0,0.07
Sergio Rochet,GK,Uruguay,29,1993,3,3,270,3,0,0,0,0,0,0,0,0,0,0,0,0,0,0,0,0,0,0,0,0,0
Joe Rodon,DF,Wales,24,1997,3,3,270,3,0,0,0,0,0,1,0,0,0,0,0,0,0,0,0,0,0,0,0,0,0
Rodri,DF,Spain,25,1996,4,4,390,4.3,0,0,0,0,0,0,0,0,0,0,0,0,0,0,0.2,0.2,0.01,0.04,0.05,0.01,0.05
Charly Rodríguez,MF,Mexico,25,1997,2,0,34,0.4,0,0,0,0,0,0,0,0,0,0,0,0,0,0,0,0,0,0,0,0,0
Guido Rodríguez,MF,Argentina,28,1994,1,1,56,0.6,0,0,0,0,0,0,0,0,0,0,0,0,0,0,0,0,0,0,0,0,0
Kevin Rodríguez,FW,Ecuador,22,2000,2,0,2,0,0,0,0,0,0,0,0,0,0,0,0,0,,,,,,,,,
Ricardo Rodríguez,DF,Switzerland,29,1992,4,4,359,4,0,0,0,0,0,0,0,0,0,0,0,0,0,0,0.2,0.2,0,0.04,0.04,0,0.04
Rodrygo,"MF,FW",Brazil,21,2001,5,1,181,2,0,1,0,0,0,0,0,0,0.5,0.5,0,0.5,0.4,0.4,0.4,0.9,0.26,0.25,0.52,0.26,0.52
Mohamed Ali Ben Romdhane,MF,Tunisia,22,1999,1,1,73,0.8,0,0,0,0,0,0,0,0,0,0,0,0,0,0,0,0,0,0,0,0,0
Cristian Romero,DF,Argentina,24,1998,7,6,547,6.1,0,0,0,0,0,2,0,0,0,0,0,0,0,0,0,0,0,0,0,0,0
Cristiano Ronaldo,FW,Portugal,37,1985,5,3,290,3.2,1,0,0,1,1,0,0,0.31,0,0.31,0,0,1.6,0.8,0.1,1,0.51,0.04,0.55,0.26,0.3
Marten de Roon,MF,Netherlands,31,1991,5,3,184,2,0,0,0,0,0,0,0,0,0,0,0,0,0,0,0,0,0,0,0,0,0
Kye Rowles,DF,Australia,23,1998,4,4,360,4,0,0,0,0,0,0,0,0,0,0,0,0,0,0,0,0,0,0,0,0,0
Antonio Rüdiger,DF,Germany,29,1993,3,3,270,3,0,0,0,0,0,0,0,0,0,0,0,0,0.8,0.8,0,0.8,0.25,0,0.25,0.25,0.25
Bryan Ruiz,MF,Costa Rica,36,1985,1,0,30,0.3,0,0,0,0,0,0,0,0,0,0,0,0,0,0,0,0,0,0,0,0,0
Mathew Ryan,GK,Australia,30,1992,4,4,360,4,0,0,0,0,0,0,0,0,0,0,0,0,0,0,0,0,0,0,0,0,0
Youssouf Sabaly,DF,Senegal,29,1993,4,4,360,4,0,0,0,0,0,0,0,0,0,0,0,0,0,0,0.7,0.7,0.01,0.16,0.18,0.01,0.18
Abdelhamid Sabiri,MF,Morocco,25,1996,5,2,181,2,0,1,0,0,0,1,0,0,0.5,0.5,0,0.5,0.1,0.1,0.9,1,0.08,0.53,0.6,0.08,0.6
Romain Saïss,DF,Morocco,32,1990,6,6,466,5.2,1,0,1,0,0,1,0,0.19,0,0.19,0.19,0.19,0.8,0.8,0,0.8,0.16,0,0.16,0.16,0.16
Bukayo Saka,FW,England,20,2001,4,4,288,3.2,3,0,3,0,0,0,0,0.94,0,0.94,0.94,0.94,0.6,0.6,0.7,1.3,0.2,0.2,0.4,0.2,0.4
Hiroki Sakai,"MF,DF",Japan,32,1990,2,1,119,1.3,0,0,0,0,0,0,0,0,0,0,0,0,0.5,0.5,0.1,0.6,0.54,0.07,0.61,0.54,0.61
Youstin Salas,"DF,MF",Costa Rica,25,1996,2,0,47,0.5,0,0,0,0,0,0,0,0,0,0,0,0,0,0,0,0,0,0,0,0,0
William Saliba,DF,France,21,2001,1,0,28,0.3,0,0,0,0,0,0,0,0,0,0,0,0,0,0,0,0,0,0.11,0.11,0,0.11
Mohammed Salisu,DF,Ghana,23,1999,3,3,270,3,1,0,1,0,0,0,0,0.33,0,0.33,0.33,0.33,0.8,0.8,0.2,1,0.26,0.08,0.34,0.26,0.34
Tarek Salman,DF,Qatar,24,1997,1,0,8,0.1,0,0,0,0,0,0,0,0,0,0,0,0,0,0,0,0,0,0,0,0,0
Alex Sandro,DF,Brazil,31,1991,3,2,190,2.1,0,0,0,0,0,0,0,0,0,0,0,0,0,0,0.1,0.1,0.01,0.04,0.05,0.01,0.05
Leroy Sané,"FW,DF",Germany,26,1996,2,1,111,1.2,0,1,0,0,0,0,0,0,0.81,0.81,0,0.81,0.1,0.1,1.8,1.9,0.09,1.44,1.54,0.09,1.54
Na Sang-ho,FW,Korea Republic,25,1996,2,1,119,1.3,0,0,0,0,0,0,0,0,0,0,0,0,0,0,0.1,0.2,0.03,0.09,0.12,0.03,0.12
Pablo Sarabia,FW,Spain,30,1992,1,0,3,0,0,0,0,0,0,0,0,0,0,0,0,0,0.1,0.1,0.2,0.3,,,,,
Josh Sargent,FW,USA,22,2000,3,2,157,1.7,0,0,0,0,0,0,0,0,0,0,0,0,0.4,0.4,0.1,0.4,0.21,0.04,0.25,0.21,0.25
Jeremy Sarmiento,"MF,FW",Ecuador,19,2002,3,0,85,0.9,0,0,0,0,0,0,0,0,0,0,0,0,0.1,0.1,0.1,0.1,0.07,0.09,0.15,0.07,0.15
Ismaila Sarr,"FW,MF",Senegal,24,1998,4,4,344,3.8,1,0,0,1,1,0,0,0.26,0,0.26,0,0,1.7,0.9,0.4,1.3,0.43,0.11,0.55,0.23,0.34
Ferjani Sassi,"MF,DF",Tunisia,30,1992,2,0,48,0.5,0,0,0,0,0,1,0,0,0,0,0,0,0,0,0,0,0.04,0,0.04,0.04,0.04
Fabian Schär,DF,Switzerland,30,1991,2,2,135,1.5,0,0,0,0,0,2,0,0,0,0,0,0,0.1,0.1,0,0.1,0.09,0,0.09,0.09,0.09
Nico Schlotterbeck,DF,Germany,22,1999,2,1,94,1,0,0,0,0,0,0,0,0,0,0,0,0,0,0,0.1,0.1,0,0.07,0.07,0,0.07
Kasper Schmeichel,GK,Denmark,35,1986,3,3,270,3,0,0,0,0,0,0,0,0,0,0,0,0,0,0,0,0,0,0,0,0,0
Haris Seferovi?,FW,Switzerland,30,1992,3,0,71,0.8,0,0,0,0,0,0,0,0,0,0,0,0,0.2,0.2,0,0.2,0.24,0.03,0.27,0.24,0.27
Alidu Seidu,DF,Ghana,22,2000,2,2,155,1.7,0,0,0,0,0,2,0,0,0,0,0,0,0,0,0,0,0.01,0,0.01,0.01,0.01
Antoine Semenyo,"FW,MF",Ghana,22,2000,2,0,20,0.2,0,0,0,0,0,0,0,0,0,0,0,0,0,0,0,0,0.22,0,0.22,0.22,0.22
Kim Seung-gyu,GK,Korea Republic,31,1990,4,4,360,4,0,0,0,0,0,0,0,0,0,0,0,0,0,0,0,0,0,0,0,0,0
Paik Seung-ho,MF,Korea Republic,25,1997,1,0,26,0.3,1,0,1,0,0,0,0,3.46,0,3.46,3.46,3.46,0,0,0,0,0.15,0,0.15,0.15,0.15
Yasser Al-Shahrani,DF,Saudi Arabia,30,1992,1,1,89,1,0,0,0,0,0,0,0,0,0,0,0,0,0,0,0,0,0,0,0,0,0
Xherdan Shaqiri,"FW,MF",Switzerland,30,1991,3,3,229,2.5,1,1,1,0,0,0,0,0.39,0.39,0.79,0.39,0.79,0.3,0.3,0.9,1.2,0.12,0.35,0.47,0.12,0.47
Riyadh Sharahili,MF,Saudi Arabia,29,1993,1,0,54,0.6,0,0,0,0,0,0,0,0,0,0,0,0,0,0,0,0,0,0.05,0.05,0,0.05
Luke Shaw,DF,England,26,1995,5,5,424,4.7,0,1,0,0,0,0,0,0,0.21,0.21,0,0.21,0.1,0.1,0.8,0.9,0.02,0.17,0.19,0.02,0.19
Saad Al Sheeb,GK,Qatar,32,1990,1,1,90,1,0,0,0,0,0,1,0,0,0,0,0,0,0,0,0,0,0,0,0,0,0
Saleh Al-Shehri,FW,Saudi Arabia,28,1993,3,3,223,2.5,1,0,1,0,0,1,0,0.4,0,0.4,0.4,0.4,0.1,0.1,0.1,0.2,0.03,0.05,0.09,0.03,0.09
André Silva,FW,Portugal,26,1995,1,0,26,0.3,0,0,0,0,0,0,0,0,0,0,0,0,0,0,0.1,0.1,0,0.21,0.21,0,0.21
António Silva,DF,Portugal,18,2003,1,1,90,1,0,0,0,0,0,0,0,0,0,0,0,0,0,0,0,0,0,0,0,0,0
Bernardo Silva,MF,Portugal,27,1994,5,4,356,4,0,0,0,0,0,0,0,0,0,0,0,0,0.2,0.2,0.4,0.5,0.04,0.09,0.14,0.04,0.14
Thiago Silva,DF,Brazil,37,1984,4,4,390,4.3,0,1,0,0,0,0,0,0,0.23,0.23,0,0.23,0.2,0.2,0.9,1.1,0.04,0.23,0.27,0.04,0.27
Unai Simón,GK,Spain,25,1997,4,4,390,4.3,0,0,0,0,0,0,0,0,0,0,0,0,0,0,0,0,0,0,0,0,0
Xavi Simons,"FW,MF",Netherlands,19,2003,1,0,9,0.1,0,0,0,0,0,0,0,0,0,0,0,0,0,0,0,0,0,0,0,0,0
Ellyes Skhiri,MF,Tunisia,27,1995,3,3,270,3,0,0,0,0,0,0,0,0,0,0,0,0,0.1,0.1,0.1,0.2,0.02,0.05,0.07,0.02,0.07
Micha? Skóra?,MF,Poland,22,2000,1,0,45,0.5,0,0,0,0,0,0,0,0,0,0,0,0,0,0,0,0,0.04,0,0.04,0.04,0.04
Andreas Skov Olsen,"FW,MF",Denmark,22,1999,2,2,132,1.5,0,0,0,0,0,0,0,0,0,0,0,0,0.2,0.2,0,0.2,0.16,0,0.16,0.16,0.16
Robert Skov,DF,Denmark,26,1996,1,0,22,0.2,0,0,0,0,0,1,0,0,0,0,0,0,0,0,0,0,0,0,0,0,0
Naïm Sliti,"MF,FW",Tunisia,29,1992,2,1,114,1.3,0,0,0,0,0,0,0,0,0,0,0,0,0.1,0.1,0.1,0.3,0.11,0.1,0.21,0.11,0.21
Carlos Soler,MF,Spain,25,1997,2,0,92,1,1,0,1,0,0,0,0,0.98,0,0.98,0.98,0.98,0.5,0.5,0.2,0.7,0.78,0.26,1.04,0.78,1.04
Yuki Soma,"FW,MF",Japan,25,1997,1,1,81,0.9,0,0,0,0,0,0,0,0,0,0,0,0,0.2,0.2,0,0.2,0.21,0,0.21,0.21,0.21
Yann Sommer,GK,Switzerland,33,1988,3,3,270,3,0,0,0,0,0,0,0,0,0,0,0,0,0,0,0,0,0,0,0,0,0
Borna Sosa,DF,Croatia,24,1998,5,5,424,4.7,0,0,0,0,0,0,0,0,0,0,0,0,0.1,0.1,0.4,0.4,0.01,0.08,0.09,0.01,0.09
Harry Souttar,DF,Australia,23,1998,4,4,360,4,0,0,0,0,0,0,0,0,0,0,0,0,0.1,0.1,0,0.1,0.02,0.01,0.03,0.02,0.03
Djibril Sow,MF,Switzerland,25,1997,4,4,264,2.9,0,1,0,0,0,0,0,0,0.34,0.34,0,0.34,0.2,0.2,0.2,0.3,0.06,0.06,0.12,0.06,0.12
Josip Staniši?,DF,Croatia,22,2000,1,1,90,1,0,0,0,0,0,0,0,0,0,0,0,0,0,0,0,0,0.02,0,0.02,0.02,0.02
Renato Steffen,FW,Switzerland,30,1991,1,0,32,0.4,0,0,0,0,0,0,0,0,0,0,0,0,0,0,0,0,0,0,0,0,0
Raheem Sterling,FW,England,27,1994,3,2,149,1.7,1,1,1,0,0,0,0,0.6,0.6,1.21,0.6,1.21,0.4,0.4,0.1,0.5,0.22,0.09,0.31,0.22,0.31
John Stones,DF,England,28,1994,5,5,434,4.8,0,0,0,0,0,0,0,0,0,0,0,0,0.4,0.4,0.1,0.4,0.07,0.01,0.09,0.07,0.09
Luis Suárez,FW,Uruguay,35,1987,3,2,146,1.6,0,1,0,0,0,1,0,0,0.62,0.62,0,0.62,0.4,0.4,0.1,0.5,0.26,0.04,0.29,0.26,0.29
Niklas Süle,DF,Germany,26,1995,3,3,269,3,0,0,0,0,0,0,0,0,0,0,0,0,0.1,0.1,0,0.1,0.04,0,0.04,0.04,0.04
Kamaldeen Sulemana,FW,Ghana,20,2002,2,0,58,0.6,0,0,0,0,0,1,0,0,0,0,0,0,0.1,0.1,0,0.1,0.09,0,0.09,0.09,0.09
Josip Šutalo,DF,Croatia,22,2000,1,1,90,1,0,0,0,0,0,0,0,0,0,0,0,0,0,0,0,0,0,0,0,0,0
Karol ?widerski,FW,Poland,25,1997,1,1,45,0.5,0,0,0,0,0,0,0,0,0,0,0,0,0,0,0,0,0,0,0,0,0
Wojciech Szcz?sny,GK,Poland,32,1990,4,4,360,4,0,0,0,0,0,0,0,0,0,0,0,0,0,0,0,0,0,0,0,0,0
Damian Szyma?ski,MF,Poland,26,1995,1,0,29,0.3,0,0,0,0,0,0,0,0,0,0,0,0,0,0,0,0,0,0,0,0,0
Sebastian Szyma?ski,MF,Poland,23,1999,2,2,134,1.5,0,0,0,0,0,0,0,0,0,0,0,0,0,0,0,0,0,0,0,0,0
Dušan Tadi?,"MF,FW",Serbia,33,1988,3,3,257,2.9,0,2,0,0,0,0,0,0,0.7,0.7,0,0.7,0.1,0.1,0.7,0.8,0.03,0.25,0.28,0.03,0.28
Nicolás Tagliafico,DF,Argentina,29,1992,6,3,373,4.1,0,0,0,0,0,0,0,0,0,0,0,0,1,1,0.2,1.2,0.26,0.05,0.31,0.26,0.31
Montassar Talbi,DF,Tunisia,24,1998,3,3,270,3,0,0,0,0,0,0,0,0,0,0,0,0,0,0,0,0,0,0,0,0,0
Hassan Al Tambakti,DF,Saudi Arabia,23,1999,2,2,180,2,0,0,0,0,0,1,0,0,0,0,0,0,0,0,0,0,0,0,0,0,0
Ao Tanaka,MF,Japan,23,1998,3,2,171,1.9,1,0,1,0,0,0,0,0.53,0,0.53,0.53,0.53,1,1,0.1,1,0.55,0.05,0.6,0.55,0.6
Shogo Taniguchi,DF,Japan,30,1991,2,2,210,2.3,0,0,0,0,0,1,0,0,0,0,0,0,0.2,0.2,0,0.2,0.12,0,0.12,0.12,0.12
Mehdi Taremi,FW,Iran,29,1992,3,3,270,3,2,1,1,1,1,0,0,0.67,0.33,1,0.33,0.67,1.3,0.6,0.7,1.2,0.45,0.22,0.67,0.18,0.4
Kenneth Taylor,MF,Netherlands,20,2002,1,0,5,0.1,0,0,0,0,0,0,0,0,0,0,0,0,0,0,0,0,0,0,0,0,0
Aurélien Tchouaméni,MF,France,22,2000,7,7,621,6.9,1,0,1,0,0,1,0,0.14,0,0.14,0.14,0.14,0.3,0.3,1,1.4,0.05,0.16,0.21,0.05,0.21
Yeltsin Tejeda,MF,Costa Rica,30,1992,3,3,269,3,1,1,1,0,0,0,0,0.33,0.33,0.67,0.33,0.67,0.4,0.4,0.1,0.5,0.14,0.02,0.17,0.14,0.17
Alex Telles,DF,Brazil,29,1992,2,1,59,0.7,0,0,0,0,0,0,0,0,0,0,0,0,0,0,0,0,0,0,0,0,0
Sorba Thomas,MF,Wales,22,1999,1,0,1,0,0,0,0,0,0,0,0,0,0,0,0,0,0,0,0,0,0,0,0,0,0
Marcus Thuram,"FW,MF",France,24,1997,5,0,151,1.7,0,2,0,0,0,1,0,0,1.19,1.19,0,1.19,0.2,0.2,0.2,0.4,0.16,0.16,0.32,0.16,0.32
Youri Tielemans,MF,Belgium,25,1997,3,1,95,1.1,0,0,0,0,0,0,0,0,0,0,0,0,0,0,0.1,0.1,0,0.07,0.07,0,0.07
Jurriën Timber,DF,Netherlands,20,2001,4,4,390,4.3,0,0,0,0,0,1,0,0,0,0,0,0,0,0,0,0,0,0,0,0,0
Karl Toko Ekambi,"FW,MF",Cameroon,29,1992,3,2,166,1.8,0,0,0,0,0,0,0,0,0,0,0,0,0.2,0.2,0.3,0.4,0.1,0.14,0.24,0.1,0.24
Nouhou Tolo,DF,Cameroon,24,1997,3,3,270,3,0,0,0,0,0,1,0,0,0,0,0,0,0,0,0,0,0,0,0,0,0
Takehiro Tomiyasu,"DF,MF",Japan,23,1998,3,1,187,2.1,0,0,0,0,0,0,0,0,0,0,0,0,0,0,0.2,0.2,0,0.11,0.11,0,0.11
Mehdi Torabi,MF,Iran,27,1994,3,0,62,0.7,0,0,0,0,0,0,0,0,0,0,0,0,0.1,0.1,0.6,0.7,0.18,0.82,1,0.18,1
Félix Torres Caicedo,DF,Ecuador,25,1997,3,3,270,3,0,1,0,0,0,0,0,0,0.33,0.33,0,0.33,0.1,0.1,0.4,0.6,0.04,0.15,0.19,0.04,0.19
Ferrán Torres,FW,Spain,22,2000,4,3,217,2.4,2,0,1,1,1,0,0,0.83,0,0.83,0.41,0.41,1,0.2,0.2,0.4,0.42,0.07,0.5,0.1,0.17
Gerson Torres,MF,Costa Rica,24,1997,1,1,64,0.7,0,0,0,0,0,0,0,0,0,0,0,0,0,0,0,0,0.02,0,0.02,0.02,0.02
Pau Torres,DF,Spain,25,1997,1,1,90,1,0,0,0,0,0,0,0,0,0,0,0,0,0,0,0,0,0,0,0,0,0
Kieran Trippier,DF,England,31,1990,3,2,206,2.3,0,0,0,0,0,0,0,0,0,0,0,0,0,0,0.1,0.2,0.02,0.07,0.09,0.02,0.09
Leandro Trossard,"FW,MF",Belgium,27,1994,3,1,103,1.1,0,0,0,0,0,0,0,0,0,0,0,0,0,0,0.1,0.1,0,0.08,0.08,0,0.08
Matt Turner,GK,USA,27,1994,4,4,360,4,0,0,0,0,0,0,0,0,0,0,0,0,0,0,0,0,0,0,0,0,0
Ayase Ueda,FW,Japan,23,1998,1,1,45,0.5,0,0,0,0,0,0,0,0,0,0,0,0,0,0,0,0,0,0.02,0.02,0,0.02
Hwang Ui-jo,"FW,MF",Korea Republic,29,1992,4,1,106,1.2,0,0,0,0,0,0,0,0,0,0,0,0,0.5,0.5,0,0.5,0.4,0,0.4,0.4,0.4
Dayot Upamecano,DF,France,23,1998,5,5,480,5.3,0,0,0,0,0,0,0,0,0,0,0,0,0,0,0.1,0.1,0.01,0.02,0.03,0.01,0.03
Enner Valencia,"FW,MF",Ecuador,32,1989,3,3,255,2.8,3,0,2,1,1,0,0,1.06,0,1.06,0.71,0.71,2.3,1.5,0.3,1.8,0.8,0.1,0.9,0.52,0.62
Federico Valverde,MF,Uruguay,23,1998,3,3,270,3,0,0,0,0,0,0,0,0,0,0,0,0,0.2,0.2,0.4,0.6,0.06,0.14,0.2,0.06,0.2
Virgil van Dijk,DF,Netherlands,30,1991,5,5,480,5.3,0,0,0,0,0,0,0,0,0,0,0,0,0.2,0.2,0.1,0.3,0.04,0.03,0.07,0.04,0.07
Raphaël Varane,DF,France,29,1993,6,6,518,5.8,0,0,0,0,0,0,0,0,0,0,0,0,0.3,0.3,0,0.3,0.06,0,0.06,0.06,0.06
Guillermo Varela,DF,Uruguay,29,1993,3,2,183,2,0,0,0,0,0,0,0,0,0,0,0,0,0,0,0.1,0.1,0,0.05,0.05,0,0.05
Ruben Vargas,FW,Switzerland,23,1998,4,4,285,3.2,0,1,0,0,0,1,0,0,0.32,0.32,0,0.32,0.3,0.3,0.6,0.9,0.11,0.19,0.3,0.11,0.3
Matías Vecino,MF,Uruguay,30,1991,3,2,195,2.2,0,0,0,0,0,0,0,0,0,0,0,0,0.1,0.1,0,0.1,0.05,0,0.05,0.05,0.05
Alexis Vega,FW,Mexico,24,1997,3,3,193,2.1,0,0,0,0,0,0,0,0,0,0,0,0,0.8,0.8,0.1,0.9,0.39,0.06,0.44,0.39,0.44
Miloš Veljkovi?,DF,Serbia,26,1995,3,3,221,2.5,0,0,0,0,0,0,0,0,0,0,0,0,0,0,0,0,0,0,0,0,0
Johan Venegas,"FW,MF",Costa Rica,33,1988,1,1,73,0.8,0,0,0,0,0,0,0,0,0,0,0,0,0,0,0,0,0,0,0,0,0
Jordan Veretout,MF,France,29,1993,1,1,62,0.7,0,0,0,0,0,0,0,0,0,0,0,0,0,0,0,0,0,0,0,0,0
Jan Vertonghen,DF,Belgium,35,1987,3,3,270,3,0,0,0,0,0,0,0,0,0,0,0,0,0.2,0.2,0,0.2,0.06,0,0.06,0.06,0.06
Matías Viña,DF,Uruguay,24,1997,2,0,17,0.2,0,0,0,0,0,0,0,0,0,0,0,0,0,0,0,0,0,0,0,0,0
Vitinha,MF,Portugal,22,2000,3,1,120,1.3,0,0,0,0,0,1,0,0,0,0,0,0,0.1,0.1,0,0.1,0.05,0.03,0.08,0.05,0.08
Steven Vitória,DF,Canada,35,1987,3,3,270,3,0,0,0,0,0,1,0,0,0,0,0,0,0,0,0,0,0,0,0,0,0
Dušan Vlahovi?,FW,Serbia,22,2000,2,1,79,0.9,1,0,1,0,0,0,0,1.14,0,1.14,1.14,1.14,0.8,0.8,0,0.8,0.92,0,0.92,0.92,0.92
Nikola Vlaši?,"FW,MF",Croatia,24,1997,6,1,209,2.3,0,0,0,0,0,0,0,0,0,0,0,0,0.4,0.4,0,0.4,0.25,0,0.25,0.25,0.25
Mohammed Waad,"MF,DF",Qatar,22,1999,2,0,28,0.3,0,0,0,0,0,0,0,0,0,0,0,0,0,0,0,0,0,0,0,0,0
Kyle Walker,DF,England,32,1990,3,3,236,2.6,0,0,0,0,0,0,0,0,0,0,0,0,0,0,0,0,0,0,0,0,0
Danny Ward,GK,Wales,28,1993,2,1,94,1,0,0,0,0,0,0,0,0,0,0,0,0,0,0,0,0,0,0,0,0,0
Kendall Waston,DF,Costa Rica,34,1988,3,2,225,2.5,0,0,0,0,0,0,0,0,0,0,0,0,0.2,0.2,0,0.2,0.06,0,0.06,0.06,0.06
Timothy Weah,FW,USA,22,2000,4,4,316,3.5,1,0,1,0,0,0,0,0.28,0,0.28,0.28,0.28,0.6,0.6,0.4,1.1,0.18,0.12,0.31,0.18,0.31
Wout Weghorst,FW,Netherlands,29,1992,4,0,64,0.7,2,0,2,0,0,1,0,2.81,0,2.81,2.81,2.81,0.2,0.2,0,0.2,0.52,0.08,0.6,0.52,0.6
Wéverton,GK,Brazil,34,1987,1,0,11,0.1,0,0,0,0,0,0,0,0,0,0,0,0,0,0,0,0,0,0,0,0,0
Silvan Widmer,DF,Switzerland,29,1993,3,3,265,2.9,0,1,0,0,0,1,0,0,0.34,0.34,0,0.34,0,0,0.8,0.9,0.01,0.29,0.3,0.01,0.3
Iñaki Williams,FW,Ghana,27,1994,3,3,270,3,0,0,0,0,0,0,0,0,0,0,0,0,0.3,0.3,0.2,0.5,0.1,0.07,0.17,0.1,0.17
Neco Williams,DF,Wales,21,2001,3,3,204,2.3,0,0,0,0,0,0,0,0,0,0,0,0,0.1,0.1,0.1,0.2,0.04,0.03,0.07,0.04,0.07
Nico Williams,FW,Spain,19,2002,4,1,146,1.6,0,0,0,0,0,0,0,0,0,0,0,0,0.1,0.1,0,0.1,0.07,0,0.07,0.07,0.07
Callum Wilson,FW,England,30,1992,2,0,48,0.5,0,1,0,0,0,0,0,0,1.87,1.87,0,1.87,0,0,0.9,0.9,0,1.7,1.7,0,1.7
Harry Wilson,"MF,FW",Wales,25,1997,3,2,160,1.8,0,0,0,0,0,0,0,0,0,0,0,0,0.1,0.1,0.5,0.6,0.05,0.28,0.33,0.05,0.33
Roan Wilson,MF,Costa Rica,20,2002,1,0,1,0,0,0,0,0,0,0,0,0,0,0,0,0,0,0,0,0,0,0,0,0,0
Axel Witsel,MF,Belgium,33,1989,3,3,270,3,0,0,0,0,0,0,0,0,0,0,0,0,0,0,0,0.1,0.01,0.02,0.02,0.01,0.02
Jeong Woo-yeong,MF,Korea Republic,22,1999,1,1,45,0.5,0,0,0,0,0,0,0,0,0,0,0,0,0,0,0,0,0.06,0,0.06,0.06,0.06
Jung Woo-young,MF,Korea Republic,32,1989,4,4,303,3.4,0,0,0,0,0,2,0,0,0,0,0,0,0,0,0.1,0.2,0.01,0.04,0.05,0.01,0.05
Christopher Wooh,DF,Cameroon,20,2001,1,1,90,1,0,0,0,0,0,0,0,0,0,0,0,0,0,0,0,0,0.04,0,0.04,0.04,0.04
David Wotherspoon,MF,Canada,32,1990,1,0,15,0.2,0,0,0,0,0,0,0,0,0,0,0,0,0,0,0,0,0,0,0,0,0
Bailey Wright,DF,Australia,29,1992,1,0,17,0.2,0,0,0,0,0,0,0,0,0,0,0,0,0,0,0,0,0,0,0,0,0
Haji Wright,FW,USA,24,1998,4,1,137,1.5,1,0,1,0,0,0,0,0.66,0,0.66,0.66,0.66,0.5,0.5,0,0.6,0.35,0.02,0.37,0.35,0.37
Granit Xhaka,MF,Switzerland,29,1992,4,4,360,4,0,0,0,0,0,1,0,0,0,0,0,0,0.3,0.3,0.1,0.4,0.08,0.02,0.1,0.08,0.1
Miki Yamane,"DF,MF",Japan,28,1993,1,1,61,0.7,0,0,0,0,0,1,0,0,0,0,0,0,0,0,0.1,0.1,0,0.11,0.11,0,0.11
Jawad El Yamiq,DF,Morocco,30,1992,6,3,309,3.4,0,0,0,0,0,0,0,0,0,0,0,0,0.1,0.1,0,0.1,0.03,0,0.03,0.03,0.03
Taha Yassine Khenissi,FW,Tunisia,30,1992,2,0,29,0.3,0,0,0,0,0,1,0,0,0,0,0,0,0,0,0.1,0.2,0.06,0.45,0.51,0.06,0.51
DeAndre Yedlin,DF,USA,28,1993,2,0,33,0.4,0,0,0,0,0,0,0,0,0,0,0,0,0,0,0,0,0,0,0,0,0
Maya Yoshida,DF,Japan,33,1988,4,4,390,4.3,0,1,0,0,0,1,0,0,0.23,0.23,0,0.23,0,0,0.4,0.4,0,0.09,0.09,0,0.09
Kim Young-gwon,DF,Korea Republic,32,1990,4,4,350,3.9,1,0,1,0,0,1,0,0.26,0,0.26,0.26,0.26,0.8,0.8,0.2,0.9,0.19,0.05,0.24,0.19,0.24
Cho Yumin,FW,Korea Republic,25,1996,1,0,1,0,0,0,0,0,0,0,0,0,0,0,0,0,0,0,0,0,0,0,0,0,0
Denis Zakaria,MF,Switzerland,25,1996,2,0,59,0.7,0,0,0,0,0,0,0,0,0,0,0,0,0,0,0,0,0.07,0,0.07,0.07,0.07
Nicola Zalewski,MF,Poland,20,2002,2,1,65,0.7,0,0,0,0,0,0,0,0,0,0,0,0,0,0,0,0,0,0,0,0,0
Andre-Frank Zambo Anguissa,MF,Cameroon,26,1995,3,3,260,2.9,0,1,0,0,0,0,0,0,0.35,0.35,0,0.35,0.1,0.1,0,0.1,0.02,0,0.02,0.02,0.02
Álvaro Zamora,MF,Costa Rica,20,2002,1,0,30,0.3,0,0,0,0,0,0,0,0,0,0,0,0,0,0,0,0,0,0,0,0,0
Anass Zaroury,FW,Morocco,21,2000,1,0,27,0.3,0,0,0,0,0,0,0,0,0,0,0,0,0,0,0,0,0,0,0,0,0
Piotr Zieli?ski,"MF,FW",Poland,28,1994,4,4,328,3.6,1,0,1,0,0,0,0,0.27,0,0.27,0.27,0.27,0.6,0.6,0.4,1,0.16,0.11,0.26,0.16,0.26
Walker Zimmerman,DF,USA,29,1993,4,3,279,3.1,0,0,0,0,0,0,0,0,0,0,0,0,0.1,0.1,0,0.1,0.02,0,0.02,0.02,0.02
Andrija Živkovi?,DF,Serbia,25,1996,3,3,210,2.3,0,2,0,0,0,0,0,0,0.86,0.86,0,0.86,0.1,0.1,1.1,1.2,0.03,0.48,0.5,0.03,0.5
Hakim Ziyech,FW,Morocco,29,1993,7,7,635,7.1,1,1,1,0,0,0,0,0.14,0.14,0.28,0.14,0.28,0.4,0.4,0.7,1.1,0.06,0.1,0.16,0.06,0.16
Filip ?uri?i?,"MF,FW",Serbia,30,1992,2,0,14,0.2,0,0,0,0,0,0,0,0,0,0,0,0,0,0,0,0,0,0.23,0.23,0,0.23
